Date,year,month,Total_arrivals,N_influenza,ILI,Positivity_Rate,RH,Temp_avg,Temp_dew,WS_avg,WCI,ICL,Baidu,North_ILI,South_ILI,North_Pos_Rate,South_Pos_Rate,ILI_Pos_Product,Baidu_without_covid,Baidu_covid,Temp_max,Temp_min
2011/1/1,2011,1,,2482.428571,3.653103448,0.334268966,61.79802956,12.9729064,5.556650246,17.53497537,743.1336026,1.519383756,105785.4483,4.203448276,3.286206897,0.249896552,0.390517241,1.224141379,105770.7241,14.72413793,19.65714286,8.971428571
2011/2/1,2011,2,,1282.857143,3.537142857,0.276571429,70.85204082,16.35,10.69846939,16.02755102,608.1117303,1.263024007,100086.3929,3.496428571,3.564285714,0.174142857,0.344857143,1.010494857,99887.64286,198.75,22.54285714,11.11428571
2011/3/1,2011,3,,1109.857143,3.003225806,0.131941935,66.78341014,18.41474654,11.66497696,15.25345622,529.3741741,1.106290525,100407.1935,2.925806452,3.05483871,0.096870968,0.155322581,0.397290839,100367.4516,39.74193548,24,15
2011/4/1,2011,4,,544.4285714,3.196666667,0.093286667,67.31904762,23.52666667,16.62666667,15.79619048,345.8832095,0.718301261,101306.3,3.126666667,3.243333333,0.062266667,0.113966667,0.297004,101306.3,0,29.12857143,17.2
2011/5/1,2011,5,,262.4285714,3.332258065,0.048193548,74.44700461,26.67281106,21.51797235,15.62995392,230.2409557,0.479500901,106766.3226,3.1,3.487096774,0.02283871,0.065096774,0.160510581,106766.3226,0,32.21428571,22.62857143
2011/6/1,2011,6,,94.14285714,3.336666667,0.020326667,73.64285714,29.38095238,24.00761905,17.66619048,133.9477067,0.273989634,117186.7,3.316666667,3.35,0.012866667,0.0253,0.067214,116917.0667,269.6333333,33.62857143,25.91428571
2011/7/1,2011,7,,80.85714286,3.350967742,0.017167742,74.77419355,29.67235023,24.53870968,15.58248848,121.0425987,0.251829926,146908.129,3.364516129,3.341935484,0.01083871,0.021387097,0.05745329,146618.3226,289.8064516,34.45714286,26.68571429
2011/8/1,2011,8,,118.7142857,3.092903226,0.021632258,70.50691244,30.31013825,24.18479263,12.03364055,93.64842258,0.203319878,139624.1613,2.912903226,3.212903226,0.004677419,0.032935484,0.067024774,139596.8387,27.32258065,34.58571429,26.95714286
2011/9/1,2011,9,,119.4285714,3.034666667,0.0225,68.45714286,29.16809524,22.58238095,18.68190476,143.3264599,0.29016012,123776.1667,2.956666667,3.086666667,0.0123,0.0293,0.068532267,123762.1667,14,34.27142857,24.02857143
2011/10/1,2011,10,,121.5714286,2.988387097,0.024141935,69.94009217,25.75115207,19.65299539,16.85023041,265.7393273,0.549476723,125880.871,3.019354839,2.967741935,0.003935484,0.037612903,0.072688774,125880.871,0,31.35714286,22.5
2011/11/1,2011,11,,238.1428571,3.048,0.04066,67.74761905,23.48190476,16.91666667,15.7147619,347.7814997,0.721696637,144037.4333,3.3,2.88,0.0139,0.0585,0.12461,144037.4333,0,30.28571429,16.38571429
2011/12/1,2011,12,,875.8571429,3.272903226,0.111916129,54.90322581,17.659447,7.958525346,17.26820276,566.3003059,1.163659389,156785.5161,3.416129032,3.177419355,0.049516129,0.153516129,0.369389806,156572.9677,212.5483871,23.61428571,14
2012/1/1,2012,1,,2182.857143,3.846451613,0.303606452,75.8202765,14.76589862,10.37834101,16.31612903,667.4977723,1.383262964,151192.4839,4.177419355,3.625806452,0.181032258,0.385322581,1.173041935,150913.0645,279.4193548,20.8,9.4
2012/2/1,2012,2,,3206.142857,3.584137931,0.398917241,76.26108374,16.82610837,12.44630542,18.49162562,604.1395108,1.226938005,161045.7586,3.668965517,3.527586207,0.346344828,0.433965517,1.434222759,160893.7931,151.9655172,21.64285714,12.41428571
2012/3/1,2012,3,,3478,3.147096774,0.36376129,75.2764977,19.6797235,14.77741935,19.84009217,500.7131518,1.010365308,157650.1613,3.135483871,3.15483871,0.330354839,0.386032258,1.148501677,157597.7097,52.4516129,26.54285714,14.45714286
2012/4/1,2012,4,,962.2857143,2.888,0.17252,77.77142857,24.91809524,20.63761905,19.79380952,302.8441624,0.612758818,148339.7667,2.66,3.04,0.1841,0.1648,0.502307067,148335.7,4.066666667,31.75714286,19.71428571
2012/5/1,2012,5,,446.1428571,3.027741935,0.077767742,75.62211982,28.49354839,23.66129032,19.72626728,168.6767022,0.341374956,136315.8065,2.629032258,3.293548387,0.043064516,0.100903226,0.235994065,136051.7097,264.0967742,32.4,26.15714286
2012/6/1,2012,6,,474.1428571,3.03,0.07596,75.26190476,29.21857143,24.27619048,19.51857143,142.3467908,0.286351574,153323.3333,2.79,3.19,0.0133,0.117733333,0.229827867,153182.6667,140.6666667,33.64285714,26.17142857
2012/7/1,2012,7,,1391.428571,3.18,0.187432258,74.79262673,29.55207373,24.45023041,17.17788018,127.9419909,0.260987251,194067.0968,2.84516129,3.403225806,0.015580645,0.302,0.597270194,194035.7419,31.35483871,34.2,25.31428571
2012/8/1,2012,8,,1192.857143,2.856129032,0.183374194,71.73271889,30.11612903,24.24470046,14.48294931,103.8940219,0.218117566,201380.2258,2.8,2.893548387,0.092193548,0.24416129,0.526543613,201371.0323,9.193548387,34.08571429,26.97142857
2012/9/1,2012,9,,491.4285714,2.665333333,0.094353333,65.8952381,28.86571429,21.58380952,15.15380952,149.9310414,0.313046493,169535.6667,2.823333333,2.56,0.090233333,0.0971,0.2524008,169451.6667,84,34.05714286,25.74285714
2012/10/1,2012,10,,116,2.643870968,0.019335484,64.12903226,26.40506912,18.86958525,16.36175115,241.8228311,0.499834952,187214.0968,2.990322581,2.412903226,0.010354839,0.025322581,0.051406323,186981.2903,232.8064516,30.91428571,20.81428571
2012/11/1,2012,11,,254.8571429,2.548,0.031333333,74.42380952,22.75285714,17.70333333,18.76619048,383.576735,0.777095829,246617.6667,2.91,2.306666667,0.042633333,0.0238,0.0800744,246617.6667,0,27.97142857,16.52857143
2012/12/1,2012,12,,855.7142857,2.855483871,0.09096129,71.39631336,18.26820276,12.80368664,19.35207373,550.3455413,1.117487405,282774.3226,3.693548387,2.296774194,0.165129032,0.041516129,0.265241677,282774.3226,0,23.87142857,10.98571429
2013/1/1,2013,1,3503329,1816.714286,3.499354839,0.171393548,64.48387097,16.95437788,9.995391705,15.57557604,583.8550128,1.217138132,283639.4194,4.819354839,2.619354839,0.266,0.108322581,0.600644516,283613.6774,25.74193548,23.54285714,10.98571429
2013/2/1,2013,2,3104368,1025.142857,3.383571429,0.131714286,72.74489796,19.20816327,14.05663265,16.98673469,508.4503954,1.046106251,277411.0714,4.435714286,2.682142857,0.149714286,0.119714286,0.447074714,277309.0357,102.0357143,23.91428571,16.48571429
2013/3/1,2013,3,2823293,983.5714286,2.983870968,0.10436129,72.359447,21.57834101,15.90599078,17.51981567,420.8081843,0.866207007,271369.7097,3.55483871,2.603225806,0.057193548,0.135806452,0.311112903,271214.3871,155.3225806,27.45714286,16.28571429
2013/4/1,2013,4,3086510,1105.714286,3.591333333,0.07942,77.83333333,22.39761905,18.13285714,18.98428571,392.9092547,0.80404607,268895.8667,4.033333333,3.296666667,0.041,0.105033333,0.2838516,268760.5333,135.3333333,28.31428571,17.9
2013/5/1,2013,5,3036585,660.8571429,3.639354839,0.040580645,79.74654378,26.93317972,23.00737327,17.29769585,224.8655773,0.459774468,264852.5484,4.129032258,3.312903226,0.005064516,0.064258065,0.150913806,264839.6774,12.87096774,33.21428571,20.37142857
2013/6/1,2013,6,3126489,414.4285714,3.530666667,0.022986667,76.16190476,29.08809524,24.34952381,17.78809524,144.9333288,0.296220706,263440.7333,3.576666667,3.5,0.005566667,0.0346,0.081094667,263440.7333,0,33.31428571,24.32857143
2013/7/1,2013,7,3756231,387.8571429,3.372258065,0.020148387,76.00460829,29.09953917,24.31290323,17.43179724,144.6468695,0.295347918,244347.6129,3.412903226,3.34516129,0.001354839,0.032677419,0.067961032,244347.6129,0,33.05714286,25.84285714
2013/8/1,2013,8,4203135,401.5714286,3.24516129,0.076987097,75.66820276,29.5,24.63179724,17.03686636,127.5795043,0.264920356,243343.9677,3.283870968,3.219354839,0.001290323,0.127451613,0.251521032,243332.7419,11.22580645,33.71428571,26.2
2013/9/1,2013,9,3263545,576.5714286,3.079333333,0.043293333,71.27619048,28.72714286,22.78857143,17.95761905,157.8396449,0.323614424,199419.9333,3.303333333,2.93,0.002433333,0.070533333,0.134439467,199404.7,15.23333333,33.55714286,24.41428571
2013/10/1,2013,10,3381868,616.4285714,3.052903226,0.039103226,59.05990783,26.5156682,17.45437788,16.3,237.8281546,0.491443198,171822,3.596774194,2.690322581,0.003935484,0.062548387,0.119223355,171822,0,31.71428571,21.5
2013/11/1,2013,11,3325320,1319.428571,2.958,0.07266,63.19047619,22.28714286,14.38238095,18.75714286,400.8860306,0.812441659,171635.8,3.58,2.543333333,0.0222,0.1063,0.2148544,171635.8,0,29.15714286,14.41428571
2013/12/1,2013,12,3861322,5052.428571,3.325806452,0.232148387,53.88940092,16.35852535,6.285714286,16.77281106,611.1297217,1.262380863,203958.9677,3.674193548,3.093548387,0.143193548,0.291451613,0.784194452,203892.129,66.83870968,23.38571429,10.65714286
2014/1/1,2014,1,4317357,8629.428571,4.020645161,0.374245161,57.70506912,16.88018433,7.84516129,16.19447005,587.9523131,1.222776492,208310.6774,4.351612903,3.8,0.339,0.397741935,1.501148129,208265,45.67741935,23.32857143,11.9
2014/2/1,2014,2,3434434,4396.428571,3.178571429,0.245092857,73.67857143,15.80867347,10.925,19.23826531,645.2432746,1.304173083,235144.1429,3.435714286,3.007142857,0.211,0.267821429,0.801737429,235135.7143,8.428571429,23.6,8.328571429
2014/3/1,2014,3,3581083,3384.428571,2.945806452,0.166309677,74.73271889,19.72580645,14.86958525,19.47557604,497.3362062,1.006853866,202698.2903,2.941935484,2.948387097,0.139967742,0.183870968,0.487909548,202698.2903,0,26.9,15.41428571
2014/4/1,2014,4,3548304,1122.142857,2.947333333,0.07848,77.69047619,23.99238095,19.6552381,18.6852381,336.4305149,0.683010461,195988.0667,2.673333333,3.13,0.0873,0.0726,0.231940667,195988.0667,0,28.32857143,19.2
2014/5/1,2014,5,3432204,781.8571429,2.96516129,0.047167742,77.94930876,27.6235023,23.28248848,19.01336406,202.2320841,0.407411453,204699.6774,2.632258065,3.187096774,0.04016129,0.05183871,0.139340387,204686.5806,13.09677419,34.18571429,20.97142857
2014/6/1,2014,6,3377621,1184.142857,3.14,0.06208,72.09047619,30.2347619,24.40714286,14.95809524,99.95862028,0.209127074,198171.0667,2.56,3.526666667,0.0075,0.098466667,0.194404533,198157.7667,13.3,34.18571429,27.11428571
2014/7/1,2014,7,4239892,2378.714286,3.099354839,0.124935484,73.05990783,30.70276498,25.16912442,14.72903226,82.45227645,0.173586975,237650.3548,2.570967742,3.451612903,0.013645161,0.199129032,0.385727226,237471.2581,179.0967742,34.71428571,26.85714286
2014/8/1,2014,8,4873818,2415.571429,2.70516129,0.1358,73.17511521,30.11705069,24.65207373,15.46497696,104.7417487,0.218073531,228385.3871,2.35483871,2.938709677,0.021548387,0.211967742,0.368849419,227796.0645,589.3225806,34.71428571,26.35714286
2014/9/1,2014,9,3660946,1305.285714,2.668,0.070953333,70.06666667,29.91,23.72047619,15.49333333,111.1784867,0.23377576,212197.7667,2.52,2.766666667,0.028233333,0.099433333,0.189623067,212086.9333,110.8333333,34.44285714,26.25714286
2014/10/1,2014,10,4006946,641.5714286,2.590967742,0.033451613,60.99078341,27.51382488,19.02672811,16.16497696,201.1905865,0.415672494,181056.8387,2.664516129,2.541935484,0.036741935,0.031258065,0.087390452,180937.8387,119,33.3,24.05714286
2014/11/1,2014,11,4138214,1250.142857,2.569333333,0.05562,69.60952381,23.55904762,17.51190476,16.80952381,347.6609688,0.715866096,184326.3,2.893333333,2.353333333,0.1011,0.0253,0.144337867,184326.3,0,30.38571429,20.14285714
2014/12/1,2014,12,4377950,4072.142857,3.085806452,0.188490323,59.02764977,16.69677419,7.850691244,17.49308756,603.7489321,1.236733965,218811.4194,3.974193548,2.493548387,0.363322581,0.071935484,0.585313032,218805.6129,5.806451613,20.67142857,12.64285714
2015/1/1,2015,1,4470658,4880.857143,3.161290323,0.207980645,63.07373272,17.12258065,9.657142857,16.19447005,581.5678781,1.204387941,224591.129,3.422580645,2.987096774,0.199967742,0.213322581,0.657944774,224334.7742,256.3548387,21.72857143,12.44285714
2015/2/1,2015,2,4528479,3138.285714,3.019285714,0.162564286,69.41326531,18.63214286,12.52908163,18.86581633,535.5030499,1.089860619,217378.6071,3.107142857,2.960714286,0.105178571,0.200821429,0.490214714,216196.75,1181.857143,24.67142857,14.01428571
2015/3/1,2015,3,3223168,3397,2.611612903,0.144458065,77.06912442,21.25391705,16.95391705,18.91152074,438.932706,0.890861276,178484.1935,2.638709677,2.593548387,0.138322581,0.148548387,0.377203613,177475.5161,1008.677419,28.9,17.08571429
2015/4/1,2015,4,3586529,1650.428571,2.704,0.092326667,69.82380952,24.25285714,18.03142857,15.63333333,318.5301254,0.663179507,172607.2667,2.45,2.873333333,0.097566667,0.088833333,0.249765733,172374.0667,233.2,31.47142857,17.74285714
2015/5/1,2015,5,3608646,989.2857143,2.841290323,0.049522581,76.43317972,28.44331797,23.79124424,17.23179724,168.6260527,0.345150587,169582.9677,2.332258065,3.180645161,0.029354839,0.062967742,0.140443355,169442.7097,140.2580645,33.32857143,25.07142857
2015/6/1,2015,6,3316097,2315,3.466,0.10994,72.0952381,30.6047619,24.87333333,15.99190476,87.70175441,0.181069958,173715.4,2.57,4.063333333,0.0092,0.1771,0.381267733,172773.1667,942.2333333,34.92857143,27.14285714
2015/7/1,2015,7,3828551,3512.142857,3.22,0.160948387,71.77880184,30.00875576,24.17511521,16.79124424,109.8692774,0.226311705,223668.5484,2.529032258,3.680645161,0.022193548,0.253451613,0.51839071,223475.3871,193.1612903,34.88571429,26.64285714
2015/8/1,2015,8,4534425,3065.285714,2.841290323,0.141535484,71.5437788,30.14331797,24.19723502,12.55852535,99.93877427,0.215998342,225442.129,2.467741935,3.090322581,0.056645161,0.198129032,0.404433419,225438.1935,3.935483871,35.34285714,26.67142857
2015/9/1,2015,9,3490871,1031.714286,2.56,0.058486667,71,29.19047619,23.21761905,15.14238095,137.7500843,0.288388386,185535.1667,2.34,2.706666667,0.045466667,0.067166667,0.149558933,185456.9667,78.2,33.04285714,26.67142857
2015/10/1,2015,10,3835141,399.1428571,2.500645161,0.018729032,66.86175115,26.74285714,19.83317972,15.89907834,226.8850238,0.474181679,184415.3871,2.477419355,2.516129032,0.012709677,0.022741935,0.046957161,184407.5161,7.870967742,32.3,22.67142857
2015/11/1,2015,11,3499071,432,2.497333333,0.019926667,69.25714286,24.86190476,18.65142857,18.16952381,303.2120561,0.617003094,176595.2,2.523333333,2.48,0.016466667,0.022233333,0.049905467,176580.9667,14.23333333,30.12857143,18.17142857
2015/12/1,2015,12,3702963,1800.428571,2.789677419,0.071832258,69.62672811,18.86175115,12.77050691,17.13456221,521.9583037,1.072401218,197133.6774,2.75483871,2.812903226,0.069451613,0.073419355,0.207950194,197119.9032,13.77419355,23.68571429,13.94285714
2016/1/1,2016,1,4025904,5134.285714,3.31483871,0.200819355,75.29953917,16.28156682,11.55714286,18.19677419,623.041533,1.268259809,216029.5161,3.487096774,3.2,0.255419355,0.164419355,0.668325677,216001.9677,27.5483871,22.81428571,10.98571429
2016/2/1,2016,2,3346109,6828.285714,3.72137931,0.26157931,66.408867,15.591133,8.6,17.31034483,644.662842,1.32065157,184715.6552,4.203448276,3.4,0.329068966,0.216586207,0.960161103,184691.2414,24.4137931,23.77142857,10.32857143
2016/3/1,2016,3,3005146,9017,3.811612903,0.333251613,76.55299539,18.78801843,14.25852535,18.0156682,528.2356189,1.078011659,170873.9032,3.838709677,3.793548387,0.377322581,0.303870968,1.274449161,170685.2581,188.6451613,25.1,14.72857143
2016/4/1,2016,4,3438848,4106.571429,3.386666667,0.219413333,80.03333333,24.7452381,20.92666667,18.00809524,306.2304354,0.625853845,169129.4667,2.896666667,3.713333333,0.174133333,0.2496,0.757155467,169094.6,34.86666667,29.04285714,18.95714286
2016/5/1,2016,5,3307792,1340.428571,3.092903226,0.068735484,75.12442396,27.91889401,23.00276498,18.85529954,190.4519088,0.384986892,172871.0968,2.458064516,3.516129032,0.023580645,0.09883871,0.214578968,172871.0968,0,33.94285714,23.8
2016/6/1,2016,6,3190134,467.8571429,3.041333333,0.023926667,74.71904762,30.23666667,25.09428571,15.50809524,99.97370604,0.20898974,174463.9,2.523333333,3.386666667,0.004666667,0.036766667,0.072919067,174463.9,0,35.14285714,26.12857143
2016/7/1,2016,7,3913315,285.8571429,2.867096774,0.013367742,71.63133641,30.75437788,24.90230415,14.82949309,81.20069273,0.169684937,200328.7419,2.522580645,3.096774194,0.001580645,0.021225806,0.038394323,200328.7419,0,35.51428571,27.2
2016/8/1,2016,8,4020496,413.4285714,2.605806452,0.020187097,77.19815668,29.41013825,24.84285714,13.7875576,127.8573125,0.271677497,197386.7419,2.377419355,2.758064516,0.003387097,0.031387097,0.052393419,197386.7419,0,34.2,26.07142857
2016/9/1,2016,9,3316227,707.5714286,2.624666667,0.0369,73.26190476,28.74857143,23.25095238,14.5152381,152.4228119,0.321914687,174324.7333,2.486666667,2.716666667,0.0052,0.058033333,0.0974236,174324.7333,0,33.2,25.82857143
2016/10/1,2016,10,3698301,1327.857143,2.686451613,0.066458065,72.60829493,27.62995392,22.06635945,17.15852535,197.7951672,0.40687891,176381.3226,2.670967742,2.696774194,0.012225806,0.102612903,0.178710581,176381.3226,0,31.88571429,21.28571429
2016/11/1,2016,11,3375070,3033.428571,3.097333333,0.138046667,71.4,22.91952381,17.29095238,16.76809524,371.6951823,0.764405097,173324.6667,3.203333333,3.026666667,0.049666667,0.196966667,0.431675467,173324.6667,0,29.91428571,16.71428571
2016/12/1,2016,12,3928584,5518.571429,3.458064516,0.21503871,60.3640553,20.25760369,12.04101382,16.8359447,470.0469058,0.966450562,200489.7742,3.748387097,3.264516129,0.190032258,0.231709677,0.744654581,200489.7742,0,24.31428571,14.84285714
2017/1/1,2017,1,4328327,5824.571429,3.514193548,0.193909677,70.20737327,19.09861751,13.2875576,15.47327189,506.3341795,1.054387917,207358.7097,4.019354839,3.177419355,0.244967742,0.159870968,0.681502968,207358.7097,0,25.72857143,14.84285714
2017/2/1,2017,2,3119324,4253.285714,3.01,0.143864286,67.28061224,17.64081633,11.09030612,17.92653061,570.8777423,1.165085789,215216.9286,3.228571429,2.864285714,0.193214286,0.110964286,0.434710857,215216.9286,0,23.22857143,13.11428571
2017/3/1,2017,3,3315455,4881.142857,3.119354839,0.15616129,73.37788018,20.11336406,14.84147465,19.97281106,485.4374142,0.977455455,198436.3548,3.274193548,3.016129032,0.179967742,0.140290323,0.487135226,198436.3548,0,25.52857143,16.68571429
2017/4/1,2017,4,3499426,3306.142857,3.184666667,0.116906667,74.92857143,23.98714286,19.09857143,15.86285714,329.3358509,0.683350024,187730.2,3.136666667,3.216666667,0.084566667,0.138466667,0.3730652,187730.2,0,28.51428571,17.95714286
2017/5/1,2017,5,3430689,1560.714286,3.261935484,0.065877419,74.84792627,26.91935484,21.89953917,15.51105991,220.2563113,0.460778209,178507.0323,3.161290323,3.329032258,0.026064516,0.092419355,0.214864,178507.0323,0,33.34285714,23.97142857
2017/6/1,2017,6,3081708,1042.571429,3.181333333,0.04148,75.23333333,29.66333333,24.69714286,17.65285714,123.8017041,0.25255776,212428.6667,2.563333333,3.593333333,0.0062,0.065,0.132574267,212428.6667,0,33.6,26.01428571
2017/7/1,2017,7,4055415,2431.428571,3.461935484,0.10743871,75.23502304,29.78248848,24.73640553,15.82764977,117.7477066,0.243476636,267070.7097,2.5,4.103225806,0.008612903,0.173322581,0.370853032,266657.7419,412.9677419,34.95714286,26.25714286
2017/8/1,2017,8,3936326,3800.857143,3.094193548,0.172458065,72.640553,30.43917051,24.83179724,16.88248848,93.41386027,0.193641876,265536.9355,2.441935484,3.529032258,0.05116129,0.253322581,0.532659871,263338.5806,2198.354839,34.38571429,25.6
2017/9/1,2017,9,3555836,3206.857143,2.880666667,0.15526,72.55238095,29.98142857,24.35333333,13.68619048,107.0262051,0.228319901,226695.0667,2.466666667,3.156666667,0.0724,0.2105,0.4489036,226221,474.0666667,34.37142857,25.6
2017/10/1,2017,10,4006921,1657.714286,3.27483871,0.075451613,62.41013825,27.2843318,19.1562212,18.58940092,211.9213829,0.433139721,221154.8065,3.009677419,3.451612903,0.037129032,0.101,0.247286968,221061.0323,93.77419355,33.72857143,21.04285714
2017/11/1,2017,11,3659694,2866.428571,3.06,0.103813333,66.46666667,22.64428571,15.7452381,15.31619048,376.0666051,0.785263,218073.3333,3.16,2.993333333,0.083133333,0.1176,0.326023467,218035.1667,38.16666667,27.94285714,16.58571429
2017/12/1,2017,12,4205819,11844.42857,4.309032258,0.326670968,55.3640553,18.6562212,8.957603687,15.80368664,523.5863478,1.087972248,229196.0645,4.738709677,4.022580645,0.359322581,0.304903226,1.452990581,229140.7419,55.32258065,25,13.54285714
2018/1/1,2018,1,4094994,16277.14286,5.724516129,0.444051613,70.32718894,16.71889401,10.86497696,17.45253456,602.9067598,1.235050528,258243.2903,5.238709677,6.048387097,0.445483871,0.443096774,2.548195484,258182.9355,60.35483871,22.2,7.828571429
2018/2/1,2018,2,4377990,9654.714286,4.488571429,0.346,64.51530612,16.55714286,9.391836735,14.97653061,596.1044296,1.24727629,262447.5,3.860714286,4.907142857,0.289107143,0.383928571,1.562967286,262357.5,90,25.08571429,7.828571429
2018/3/1,2018,3,3651676,5084.285714,3.26,0.173012903,69.03225806,21.32396313,15.14331797,16.67788018,430.2645422,0.885507438,238946.871,2.638709677,3.674193548,0.116806452,0.210483871,0.568565032,238925.4839,21.38709677,27.58571429,16.01428571
2018/4/1,2018,4,4032387,985.5714286,3.118,0.046193333,71.06190476,24.04619048,18.19047619,15.54952381,325.8736098,0.678861007,237431.0333,2.39,3.603333333,0.042533333,0.048633333,0.144532667,237431.0333,0,31.21428571,19.02857143
2018/5/1,2018,5,3803977,303.5714286,3.301935484,0.014858065,71.7281106,28.97004608,23.15115207,17.36728111,150.0693069,0.305166321,213135.7097,2.370967742,3.922580645,0.009225806,0.018612903,0.048758581,213128.0968,7.612903226,35.4,23.94285714
2018/6/1,2018,6,3616705,192.2857143,3.306666667,0.008486667,74.09047619,29.41142857,24.12380952,17.33761905,132.8845093,0.27167358,234491.8667,2.356666667,3.94,0.001466667,0.013166667,0.028135733,234485.9667,5.9,35.4,26.24285714
2018/7/1,2018,7,4383980,158,2.789677419,0.007012903,74.50691244,29.77557604,24.61612903,17.6875576,119.7721947,0.244038872,260539.8065,2.241935484,3.15483871,0.001129032,0.010935484,0.019589548,260526.0323,13.77419355,34.58571429,26.61428571
2018/8/1,2018,8,4803626,103.1428571,2.486451613,0.004806452,77.94009217,29.21152074,24.79585253,14.59815668,136.3543151,0.286779861,259602.129,2.083870968,2.75483871,0.001129032,0.007258065,0.011968258,259384.3226,217.8064516,34.58571429,25.72857143
2018/9/1,2018,9,3693871,158.2857143,2.5,0.006206667,71.81428571,28.73904762,22.92285714,16.14857143,155.2130762,0.322673067,251963.5333,2.07,2.786666667,0.000466667,0.010033333,0.0155372,251860.3,103.2333333,32.92857143,25.55714286
2018/10/1,2018,10,4628552,212.2857143,2.521935484,0.008206452,64.26267281,25.6437788,17.77788018,15.40921659,267.4090138,0.557597088,231012.1613,2.187096774,2.74516129,0.003483871,0.011354839,0.020583355,230998.8387,13.32258065,31.07142857,21.31428571
2018/11/1,2018,11,4613103,913.1428571,2.744,0.0306,68.62857143,23.76571429,17.15714286,17.31857143,341.3813917,0.700189984,255376.8667,2.65,2.806666667,0.0247,0.034533333,0.0867096,255376.8667,0,28.8,19.9
2018/12/1,2018,12,5102464,5204.142857,3.641290323,0.134819355,71,19.00046083,13.43179724,16.08986175,512.9279657,1.061854046,300069.6452,3.616129032,3.658064516,0.134258065,0.135193548,0.516214968,300067.7419,1.903225806,25.15714286,13.34285714
2019/1/1,2019,1,5524443,15997,5.303225806,0.385458065,69.51612903,18.00552995,12.10230415,14.37004608,539.0516076,1.137328029,293886.129,5.187096774,5.380645161,0.386,0.385096774,2.051096129,293737.2581,148.8709677,23.87142857,13.34285714
2019/2/1,2019,2,4540646,9372.857143,4.482857143,0.339928571,77.50510204,20.9122449,16.70561224,19.60204082,454.272214,0.916812987,299856.8571,4.017857143,4.792857143,0.290964286,0.372571429,1.544772429,299596.0357,260.8214286,25.75714286,17.22857143
2019/3/1,2019,3,4462586,11352.57143,3.700645161,0.319903226,78.70506912,21.54331797,17.51797235,18.44976959,428.2443914,0.868895546,253638.871,3.183870968,4.04516129,0.331225806,0.312354839,1.183688774,253321.1613,317.7096774,26.3,17.61428571
2019/4/1,2019,4,4256683,6177.142857,3.934666667,0.29832,76.81904762,25.4247619,20.92095238,18.90714286,283.9647641,0.574296682,247332.1667,3.596666667,4.16,0.3786,0.2448,1.175643733,246532,800.1666667,31,21.4
2019/5/1,2019,5,4700039,3711.714286,3.527096774,0.187090323,78.5437788,26.53133641,22.37373272,19.03133641,242.2999448,0.490308051,208409.7742,2.619354839,4.132258065,0.16583871,0.201258065,0.662743355,208228.8387,180.9354839,32.82857143,21.74285714
2019/6/1,2019,6,3986242,2057.142857,3.476,0.09598,76.51904762,29.60619048,24.91619048,17.05380952,125.2622632,0.256882221,190604.5,2.4,4.193333333,0.0448,0.1301,0.336986667,190538.1333,66.36666667,33.25714286,24.64285714
2019/7/1,2019,7,4148998,1537.285714,3.058709677,0.059490323,75.43778802,30.09677419,25.16313364,17.26958525,107.1752978,0.219639927,194491.0968,2.290322581,3.570967742,0.006806452,0.094612903,0.182423484,194463.5484,27.5483871,34.85714286,26.08571429
2019/8/1,2019,8,2771480,1181.285714,2.669032258,0.044703226,75.32258065,29.88709677,24.92258065,17.45852535,115.0212506,0.235564589,186438.5161,2.070967742,3.067741935,0.005645161,0.070741935,0.120226452,186438.5161,0,34.47142857,25.98571429
2019/9/1,2019,9,2401471,833.1428571,2.8,0.033353333,67.33809524,29.22380952,22.15142857,13.70619048,134.1155791,0.285820817,97245.93333,2.24,3.173333333,0.003933333,0.052966667,0.0928284,97245.93333,0,34.02857143,25
2019/10/1,2019,10,2503210,686.8571429,2.810967742,0.02476129,64.76497696,27.27695853,19.81198157,14.77695853,207.0955541,0.433624575,81665.09677,2.464516129,3.041935484,0.004903226,0.038,0.069351226,81665.09677,0,33.34285714,22.48571429
2019/11/1,2019,11,1921951,2372,3.074666667,0.075906667,59.17619048,23.42571429,14.67285714,15.32,347.4762702,0.725951892,76748.36667,2.776666667,3.273333333,0.038766667,0.100666667,0.2403088,76748.36667,0,29.14285714,19.15714286
2019/12/1,2019,12,2389309,14821.14286,5.097419355,0.339690323,59.12442396,19.51981567,10.49585253,16.29447005,493.9615683,1.022432653,81890.41935,4.822580645,5.280645161,0.317354839,0.354580645,1.818436774,81855.12903,35.29032258,25.6,13.88571429
2020/1/1,2020,1,2520594,16853,6.383225806,0.403225806,68.67741935,19.14562212,12.93824885,17.1235023,512.3553014,1.05085758,78484.67742,6.125806452,6.55483871,0.36616129,0.427935484,2.524375742,75399.35484,3085.322581,24.51428571,11.91428571
2020/2/1,2020,2,96716,1927.428571,4.828275862,0.080462069,69.54187192,18.7817734,12.70246305,16.69310345,524.0378454,1.078465389,89043.17241,5.186206897,4.589655172,0.075827586,0.083551724,0.481728138,51217.17241,37826,25.95714286,11.91428571
2020/3/1,2020,3,27525,315.7142857,2.61483871,0.009658065,77.43317972,21.99170507,17.7156682,18.75253456,411.9147257,0.83486682,103202.1613,2.506451613,2.687096774,0.014903226,0.00616129,0.026012903,50882.67742,52319.48387,27.51428571,18.62857143
2020/4/1,2020,4,2945,39.14285714,2.172,0.00184,72.03809524,22.43142857,16.61619048,14.18380952,378.9650623,0.801384204,109332.8667,1.91,2.346666667,0.0021,0.001666667,0.0039576,43753.83333,65579.03333,30.07142857,18.62857143
2020/5/1,2020,5,5623,4,2.428387097,0.000180645,76.71428571,28.18525346,23.55299539,15.11797235,173.8684504,0.364690323,92339.74194,1.9,2.780645161,0.000451613,0,0.000429935,50329.16129,42010.58065,33.48571429,22.8
2020/6/1,2020,6,6633,19,2.778666667,0.000653333,73.57142857,30.05571429,24.70714286,16.7052381,108.2860765,0.222757987,80658.26667,2.186666667,3.173333333,0.000233333,0.000933333,0.001879733,47493.9,33164.36667,34.4,27.27142857
2020/7/1,2020,7,5709,4.714285714,2.389032258,9.03E-05,71.43778802,30.52304147,24.61059908,16.98571429,91.15542501,0.187286842,162866.7097,1.932258065,2.693548387,0.000225806,0,0.000214968,45728.25806,117138.4516,35.07142857,26.75714286
2020/8/1,2020,8,2323,5.571428571,2.350967742,0.000154839,75.34562212,29.48064516,24.50276498,13.97327189,125.7504723,0.266338684,155343.3548,1.841935484,2.690322581,0,0.000258065,0.000373935,45625.67742,109717.6774,34.31428571,26.21428571
2020/9/1,2020,9,6211,9.857142857,2.938666667,0.00032,76.14761905,29.13190476,24.37952381,14.25571429,138.2213023,0.292798321,128807.3667,2.096666667,3.5,0,0.000533333,0.0009316,46765.83333,82041.53333,33.92857143,26.04285714
2020/10/1,2020,10,4849,19,2.949032258,0.000374194,64.66359447,25.91105991,18.47327189,18.07465438,263.3732086,0.537367653,99052.48387,2.34516129,3.351612903,0.000451613,0.000322581,0.001116387,47583.06452,51469.41935,31.07142857,22.05714286
2020/11/1,2020,11,3555,21.85714286,3.174666667,0.00052,62.81904762,23.91571429,16.03285714,14.67809524,327.3396014,0.68874478,99946.36667,2.476666667,3.64,0,0.000866667,0.0016472,45723.9,54222.46667,29,14.94285714
2020/12/1,2020,12,2425,177,3.202580645,0.005051613,59.50691244,17.81152074,9.461751152,14.47327189,546.8250174,1.15205362,101373.4516,2.8,3.470967742,0,0.008419355,0.01634129,47718.22581,53655.22581,23.07142857,11.94285714
2021/1/1,2021,1,2874,583,3.106451613,0.016277419,52.20276498,16.43179724,5.706912442,14.25852535,594.2295609,1.256771603,83241.51613,2.738709677,3.351612903,0.000677419,0.026677419,0.050001548,44881.77419,38359.74194,22.97142857,10.85714286
2021/2/1,2021,2,3799,308,2.435,0.00965,66.67857143,19.97857143,13.21785714,14.52142857,468.2988887,0.987573586,72153.5,2.075,2.675,0.00125,0.01525,0.023398,41624.5,30529,25.15714286,16.14285714
2021/3/1,2021,3,4916,692.4285714,2.350322581,0.016219355,72.32718894,22.4764977,17.06820276,16.48294931,386.4454748,0.798018736,80183.58065,1.883870968,2.661290323,0.009580645,0.020645161,0.039257032,46736.77419,33446.80645,30.14285714,19.24285714
2021/4/1,2021,4,4120,1166.428571,2.833333333,0.03646,71.92380952,24.80761905,19.22142857,17.65,303.8759639,0.62111042,76422.06667,2.233333333,3.233333333,0.0548,0.024233333,0.104920667,45964.03333,30458.03333,30.14285714,21.3
2021/5/1,2021,5,3896,1551.285714,3.407096774,0.049722581,72.49308756,29.26820276,23.68986175,16.09953917,136.3326168,0.282518438,81462.22581,2.6,3.94516129,0.075193548,0.032741935,0.170395226,44377.19355,37085.03226,34.65714286,22.51428571
2021/6/1,2021,6,4647,1270.142857,3.664,0.04406,75.32380952,29.47047619,24.53952381,16.78095238,128.8850406,0.267174068,75428.46667,2.89,4.18,0.0496,0.040366667,0.163315467,42922.8,32505.66667,33.67142857,26.11428571
2021/7/1,2021,7,6302,927.8571429,3.110967742,0.02976129,74.25806452,30.10829493,24.86958525,15.20230415,104.8096291,0.218729658,78016.16129,2.425806452,3.567741935,0.010774194,0.042419355,0.092195097,47851.41935,30164.74194,34.15714286,26.37142857
2021/8/1,2021,8,8523,978.1428571,2.552903226,0.031406452,75.89861751,29.42304147,24.59078341,12.98663594,126.0854939,0.270681207,77793.51613,2.032258065,2.9,0.004483871,0.049354839,0.079640129,47753.70968,30039.80645,33.77142857,26.94285714
2021/9/1,2021,9,6955,1700,2.799333333,0.052453333,71.85238095,30.1147619,24.32857143,12.20142857,100.4153253,0.218154886,72427.13333,1.983333333,3.343333333,0.004833333,0.0842,0.148323467,49113.86667,23313.26667,34.3,27.04285714
2021/10/1,2021,10,6680,2047.714286,2.817419355,0.060967742,71.11981567,26.05345622,20.23364055,16.69078341,251.3465632,0.526514677,74417.6129,2.267741935,3.183870968,0.013741935,0.092451613,0.173664129,53184.77419,21232.83871,33.54285714,20.08571429
2021/11/1,2021,11,6444,4203.428571,3.167333333,0.112046667,56.5952381,22.32142857,12.62666667,13.50142857,378.5293343,0.809720746,67969.8,2.743333333,3.45,0.064566667,0.1437,0.356430667,47459.96667,20509.83333,29.61428571,15.61428571
2021/12/1,2021,12,6475,9885.857143,3.778064516,0.230703226,61.49308756,18.95898618,10.68663594,12.87096774,493.2583377,1.064914518,70245.80645,3.561290323,3.922580645,0.22416129,0.235064516,0.8776,50578.83871,19666.96774,24.71428571,14.07142857
2022/1/1,2022,1,5755,12880.42857,3.569677419,0.284335484,71.60829493,18.06175115,12.67603687,13.31612903,529.2328747,1.133029784,82747.51613,3.403225806,3.680645161,0.313193548,0.265096774,1.025642323,42928.64516,39818.87097,22.78571429,11.7
2022/2/1,2022,2,1810,7439.142857,2.748571429,0.218628571,76.34693878,14.88520408,10.56428571,14.92091837,650.6235373,1.374168583,333112.6429,2.328571429,3.028571429,0.197178571,0.232928571,0.598612857,51006.03571,282106.6071,25.15714286,10.27142857
2022/3/1,2022,3,996,6954.857143,3.283870968,0.178187097,72.02304147,21.94930876,16.33087558,16.67926267,405.8127324,0.83804113,434049.5806,2.287096774,3.948387097,0.152870968,0.195064516,0.591893419,45881.51613,388168.0645,27.6,17.35714286
2022/4/1,2022,4,3593,1461.571429,2.821333333,0.050613333,67.62857143,24.11619048,17.43714286,14.83857143,319.8225356,0.673527719,193918.6333,1.873333333,3.453333333,0.040933333,0.057066667,0.1447388,44572.66667,149345.9667,30.54285714,17.35714286
2022/5/1,2022,5,14419,1718.571429,2.760645161,0.052070968,73.88018433,25.85483871,20.51797235,15.37465438,258.9031362,0.541579419,112045.9032,1.651612903,3.5,0.00616129,0.082677419,0.150448387,49390.3871,62655.51613,31.95714286,21.6
2022/6/1,2022,6,35359,5721.714286,4.513333333,0.171786667,75.74285714,29.06714286,24.20666667,17.75857143,145.5257607,0.297808766,94313.56667,1.713333333,6.38,0.002566667,0.2846,0.796342,51603.9,42709.66667,33.24285714,25.45714286
2022/7/1,2022,7,40091,7573.428571,3.763870968,0.215632258,69.55299539,30.90322581,24.49124424,15.19953917,76.55572365,0.158383296,87369.41935,2.025806452,4.922580645,0.032322581,0.33783871,0.816143742,49477.51613,37891.90323,35.62857143,27.18571429
2022/8/1,2022,8,48295,5176.428571,3.092258065,0.164219355,75.69124424,29.34746544,24.39631336,14.01059908,130.7175503,0.276447859,88384.25806,2.5,3.487096774,0.125645161,0.189935484,0.513688129,53918.19355,34466.06452,33.62857143,25.54285714
2022/9/1,2022,9,51282,2825.857143,2.972666667,0.105073333,62.97619048,30.21952381,21.95285714,14.04571429,100.1146429,0.210247482,84668.76667,2.516666667,3.276666667,0.121333333,0.094233333,0.3126412,45882.7,38786.06667,35.82857143,26.82857143
2022/10/1,2022,10,47658,2634.857143,2.855483871,0.076580645,57.57603687,26.57327189,17.01152074,16.76820276,237.0518363,0.487078124,81747.06452,2.619354839,3.012903226,0.100580645,0.060580645,0.218694581,47334.80645,34412.25806,32.61428571,20.21428571
2022/11/1,2022,11,58699,1801.428571,2.762,0.068106667,76.02380952,23.57904762,18.92666667,15.50809524,340.2262134,0.714303212,92105.8,2.25,3.103333333,0.064866667,0.070266667,0.1882384,50659.76667,41446.03333,28.45714286,18.04285714
2022/12/1,2022,12,67258,941.7142857,6.745806452,0.038722581,58.74654378,16.57926267,7.661290323,13.36129032,582.4013443,1.245554248,88308.93548,5.058064516,7.870967742,0.021129032,0.050451613,0.182537677,56056.51613,32252.41935,23.17142857,12.21428571
2023/1/1,2023,1,279717,115,2.427096774,0.002664516,61.66820276,17.19308756,9.025345622,13.70138249,562.6103489,1.198973407,93901.22581,2.235483871,2.55483871,0.004870968,0.001193548,0.005986323,81118.19355,12783.03226,22.44285714,11.88571429
2023/2/1,2023,2,1108653,5118,2.624285714,0.109064286,64.6122449,19.43877551,12.21581633,15.76785714,494.7094715,1.028576451,118721.1786,2.671428571,2.592857143,0.146178571,0.084321429,0.483749143,110671,8050.178571,24.01428571,15.8
2023/3/1,2023,3,1967602,28849.57143,8.527741935,0.511341935,68.90322581,21.72304147,15.2797235,15.62949309,410.7471577,0.85519427,127567.0968,6.9,9.612903226,0.506677419,0.514451613,4.382693419,121075.6452,6491.451613,26.41428571,16.35714286
2023/4/1,2023,4,2303943,15012.14286,5.501333333,0.337106667,76.62380952,24.09190476,19.57571429,16.95619048,328.2150762,0.67542128,139916.1333,3.233333333,7.013333333,0.181166667,0.441066667,1.957281333,133827,6089.133333,28.32857143,19.05714286
2023/5/1,2023,5,2287811,2053.857143,5.484516129,0.045432258,75.46082949,27.1921659,22.34101382,15.84608295,211.8018558,0.440080582,121212.2903,3.787096774,6.616129032,0.020290323,0.062193548,0.241933548,114694.5806,6517.709677,34.82857143,21.72857143
2023/6/1,2023,6,2156627,141.5714286,4.769333333,0.00326,76.44285714,29.62380952,24.89238095,12.66095238,117.8876035,0.255431073,123601.2,3.533333333,5.593333333,0.0016,0.004366667,0.0159224,118530.4,5070.8,34.82857143,25.92857143
2023/7/1,2023,7,2975902,323.4285714,3.811612903,0.008387097,71.18894009,30.51935484,24.540553,14.21981567,89.11481456,0.187503117,147076.1613,2.793548387,4.490322581,0.00083871,0.013419355,0.031353677,142905.9355,4170.225806,34.74285714,27.42857143
2023/8/1,2023,8,3434202,916.1428571,3.547096774,0.02376129,74.80645161,29.89124424,24.84193548,13.25990783,109.9513115,0.235144946,131958.1935,2.712903226,4.103225806,0.003225806,0.037451613,0.084399097,127432.5484,4525.645161,33.68571429,26.5
2023/9/1,2023,9,2163378,1469.142857,4.000666667,0.039413333,74.4,29.1747619,23.94428571,14.6647619,137.7970752,0.289571989,116878.1667,2.896666667,4.736666667,0.004533333,0.062666667,0.160552133,112606.6333,4271.533333,34.35714286,26.15714286
2023/10/1,2023,10,2700141,4064.857143,4.502580645,0.1002,69.41474654,26.67096774,20.37327189,15.34884793,229.3626195,0.479629159,96091.83871,3.364516129,5.261290323,0.036677419,0.142548387,0.461844,91686.48387,4405.354839,34.35714286,23.65714286
2023/11/1,2023,11,2429531,15147.42857,6.453333333,0.31562,61.71428571,23.6847619,15.51619048,13.57761905,330.0745748,0.70623993,92454.5,6.023333333,6.74,0.262,0.351366667,2.148958,88622.16667,3832.333333,30.2,17.58571429
2023/12/1,2023,12,2948056,24612.57143,8.278064516,0.478154839,60.97695853,19.32304147,11.26820276,12.89308756,481.7479545,1.037279133,122583.8065,7.219354839,8.983870968,0.393032258,0.534903226,3.960270323,118686.0968,3897.709677,25.68571429,10
2024/1/1,2024,1,2984761,18775.57143,7.271612903,0.380032258,63.68663594,18.23456221,10.93824885,13.90645161,527.4706836,1.119932328,151620.4839,6.038709677,8.093548387,0.316064516,0.422677419,2.821504903,147948.3871,3672.096774,24.42857143,9.171428571
2024/2/1,2024,2,3245911,10588.85714,6.042758621,0.260468966,72.39901478,18.85665025,13.50837438,14.08768473,505.3854454,1.072718628,145386.7931,5.072413793,6.689655172,0.194862069,0.304206897,1.594064276,142255.069,3131.724138,25.28571429,12.82857143
2024/3/1,2024,3,2467491,7860.571429,4.683870968,0.169877419,71.77880184,21.68663594,16.14101382,16.35023041,415.1269312,0.857972952,125256.4516,4.006451613,5.135483871,0.104322581,0.213580645,0.801573032,120071.5806,5184.870968,29.28571429,12.82857143
2024/4/1,2024,4,2483291,3445.714286,4.216666667,0.08524,75.64285714,26.90666667,22.09142857,16.23047619,223.065504,0.461764187,127277.4,3.636666667,4.603333333,0.0572,0.103933333,0.3596732,123736.3,3541.1,31.15714286,23.1
2024/5/1,2024,5,2627401,2836.714286,4.511612903,0.069490323,75.30875576,26.83963134,21.80368664,16.88986175,226.494792,0.466863032,117315.6129,3.822580645,4.970967742,0.029096774,0.096419355,0.313414194,114182.6774,3132.935484,30.74285714,23.31428571
2024/6/1,2024,6,2341637,2290.571429,4.603333333,0.058226667,76.77142857,29.36571429,24.7647619,17.23666667,135.2081784,0.275139558,107549.3667,3.893333333,5.076666667,0.015166667,0.086933333,0.267915733,104419.5667,3129.8,33.4,24.94285714
2024/7/1,2024,7,3140563,2529.142857,4.406451613,0.06036129,74.53456221,30.56682028,25.37235023,15.80921659,88.77372681,0.183940511,124748.871,3.903225806,4.741935484,0.010774194,0.093419355,0.267183484,121531.1613,3217.709677,34.68571429,27.15714286
2024/8/1,2024,8,3659538,1490.857143,3.555483871,0.037967742,75.73271889,30.13778802,25.22534562,13.18525346,100.8364362,0.216437055,126430.4516,3.551612903,3.558064516,0.008258065,0.057774194,0.136607226,123136.871,3293.580645,35.25714286,26.41428571
2024/9/1,2024,9,2295568,1205.428571,3.480666667,0.030986667,73.36666667,29.6047619,24.14619048,13.6147619,120.1495982,0.256900305,118382.1333,3.406666667,3.53,0.004266667,0.0488,0.108076,115555.9667,2826.166667,34.31428571,25.88571429
2024/10/1,2024,10,3138319,1594.142857,3.420645161,0.029264516,59.46082949,27.79078341,18.82488479,15.35345622,188.522368,0.39463577,93879.87097,3.383870968,3.44516129,0.009580645,0.042387097,0.10035329,91113,2766.870968,32.7,23.65714286
2024/11/1,2024,11,2557894,3667.142857,3.673333333,0.055673333,65.04761905,23.13761905,15.51904762,12.71428571,346.415465,0.747748073,109793.0667,3.913333333,3.513333333,0.043433333,0.063833333,0.206503733,106947.3333,2845.733333,28.52857143,17.08571429
2024/12/1,2024,12,3100753,14054.28571,5.028275862,0.183531034,51.68965517,18.43004926,7.656650246,13.28078818,516.0010697,1.105075415,120392.0345,5.872413793,4.465517241,0.217689655,0.160758621,0.977537793,117572.2759,2819.758621,24.4,13.5
,,,,,,,,,,,,,,,,,,,,,,
