date,N-tourists,Sentiment,ILI%,Baidu,N-influenza,RH,N-tourist
2017/1/2,5.563063202,-0.623962396,0.563481085,4.742544465,3.203848464,1.916077773,5.563063202
2017/1/9,5.601230783,-0.689135943,0.539076099,4.753782161,3.16879202,1.93305321,5.601230783
2017/1/16,5.644606957,-0.723659277,0.5132176,4.728978392,3.068927612,1.884876246,5.644606957
2017/1/23,5.67304949,-0.727128426,0.558708571,4.774414767,3.032618761,1.880813592,5.67304949
2017/1/30,5.840825974,-0.706175277,0.568201724,4.87796996,3.002597981,1.925753972,5.840825974
2017/2/6,5.59129283,-0.670842927,0.459392488,4.785073454,3.028164419,1.832508913,5.59129283
2017/2/13,5.572182455,-0.63059857,0.450249108,4.749635844,3.049605613,1.859052477,5.572182455
2017/2/20,5.557698442,-0.592603991,0.45331834,4.730313825,2.991669007,1.956991218,5.557698442
2017/2/27,5.558986814,-0.561886077,0.477121255,4.685338598,3.10720997,1.847748879,5.558986814
2017/3/6,5.562909957,-0.541752274,0.488550717,4.722066007,3.056904851,1.952861604,5.562909957
2017/3/13,5.569243953,-0.53063825,0.499687083,4.744918542,3.046104787,1.963787827,5.569243953
2017/3/20,5.600316059,-0.525025674,0.499687083,4.74530906,2.989894564,1.95008655,5.600316059
2017/3/27,5.583831045,-0.521843263,0.50242712,4.751425384,3.014100322,1.903864821,5.583831045
2017/4/3,5.556881174,-0.518222412,0.515873844,4.678618519,2.942999593,1.94094317,5.556881174
2017/4/10,5.567804809,-0.513288913,0.499687083,4.716487479,2.915927212,1.954931319,5.567804809
2017/4/17,5.622530041,-0.509505912,0.499687083,4.761085483,2.852479994,1.93305321,5.622530041
2017/4/24,5.679852897,-0.509597285,0.496929648,4.739872845,2.776701184,1.937374584,5.679852897
2017/5/1,5.562899263,-0.516361879,0.51054501,4.683668302,2.586587305,1.953552605,5.562899263
2017/5/8,5.573026016,-0.531608526,0.50242712,4.692326864,2.592176757,1.940231795,5.573026016
2017/5/15,5.596524524,-0.551882002,0.5289167,4.683335271,2.57863921,1.934498451,5.596524524
2017/5/22,5.588996234,-0.571730792,0.51054501,4.688268505,2.507855872,1.920570515,5.588996234
2017/5/29,5.567554495,-0.584695791,0.515873844,4.656050264,2.285557309,1.932328782,5.567554495
2017/6/5,5.558102295,-0.584290181,0.482873584,4.650734806,2.235528447,1.914569805,5.558102295
2017/6/12,5.554249232,-0.573140234,0.491361694,4.745480776,2.278753601,1.951476293,5.554249232
2017/6/19,5.584552839,-0.561127058,0.521138084,4.701913211,2.416640507,1.951476293,5.584552839
2017/6/26,5.578539506,-0.557536535,0.507855872,4.695061188,2.636487896,1.911538068,5.578539506
2017/7/3,5.607657647,-0.571602856,0.546542663,4.73989656,2.522444234,1.959041392,5.607657647
2017/7/10,5.665574425,-0.609133716,0.558708571,4.73452781,2.722633923,1.936657335,5.665574425
2017/7/17,5.667406252,-0.668541132,0.539076099,4.818146684,2.832508913,1.95630567,5.667406252
2017/7/24,5.694010818,-0.748105731,0.526339277,4.792713789,2.822168079,1.910014226,5.694010818
2017/7/31,5.695129545,-0.844634665,0.499687083,4.790840874,2.85672889,1.938090651,5.695129545
2017/8/7,5.735279448,-0.95078188,0.494154594,4.764549719,2.958085849,1.928688405,5.735279448
2017/8/14,5.743905467,-1.061926627,0.499687083,4.749233727,2.922725458,1.900757155,5.743905467
2017/8/21,5.517960849,-1.173400051,0.477121255,4.913103571,2.959518377,1.927223667,5.517960849
2017/8/28,5.479526365,-1.275336364,0.477121255,4.720647094,2.966141733,1.913056582,5.479526365
2017/9/4,5.575436107,-1.351249466,0.456366033,4.723217525,2.63748973,1.939519253,5.575436107
2017/9/11,5.629237274,-1.384235062,0.46834733,4.700599889,3.038222638,1.873403649,5.629237274
2017/9/18,5.645242422,-1.36908297,0.456366033,4.721249873,2.81756537,1.922057826,5.645242422
2017/9/25,5.615578692,-1.315190406,0.447158031,4.754867955,2.864511081,1.913813852,5.615578692
2017/10/2,5.785898317,-1.238944037,0.544068044,4.768134709,2.113943352,1.904638276,5.785898317
2017/10/9,5.568994468,-1.157050191,0.544068044,4.806925777,2.640481437,1.879996481,5.568994468
2017/10/16,5.644368663,-1.084816474,0.544068044,4.756788199,2.624282096,1.884876246,5.644368663
2017/10/23,5.642648488,-1.030248655,0.444044796,4.700539312,2.649334859,1.810040395,5.642648488
2017/10/30,5.658304327,-0.997971124,0.459392488,4.719372725,2.620136055,1.782267817,5.658304327
2017/11/6,5.669889363,-0.991794347,0.456366033,4.751340702,2.699837726,1.913056582,5.669889363
2017/11/13,5.672555936,-1.006791664,0.471291711,4.833918081,2.696356389,1.954242509,5.672555936
2017/11/20,5.671831655,-1.033675747,0.5132176,4.789496101,2.890979597,1.871739683,5.671831655
2017/11/27,5.639826023,-1.062256048,0.539076099,4.755684334,3.142076461,1.89050086,5.639826023
2017/12/4,5.653697687,-1.079996189,0.568201724,4.762108131,3.27600199,1.801305686,5.653697687
2017/12/11,5.683331669,-1.082498592,0.614897216,4.78970055,3.400710637,1.846867063,5.683331669
2017/12/18,5.659358957,-1.078047662,0.668385917,4.785173176,3.504878459,1.719568024,5.659358957
2017/12/25,5.677272892,-1.07603044,0.709269961,4.79019365,3.56205483,1.846867063,5.677272892
2018/1/1,5.581478605,-1.085797395,0.772321707,4.80545328,3.533009022,1.930876291,5.581478605
2018/1/8,5.627828584,-1.115348277,0.763427994,4.830851603,3.577261954,1.805209483,5.627828584
2018/1/15,5.680473305,-1.164104217,0.785329835,4.837000986,3.628899564,1.893682518,5.680473305
2018/1/22,5.685562611,-1.229504514,0.740362689,4.89580915,3.527501011,1.919824945,5.685562611
2018/1/29,5.661154595,-1.30770667,0.675778342,4.90795389,3.533263517,1.859052477,5.661154595
2018/2/5,5.739518549,-1.390716591,0.633468456,4.855743211,3.466719372,1.779184056,5.739518549
2018/2/12,5.785529138,-1.466695867,0.712649702,4.858621402,3.31196566,1.856469945,5.785529138
2018/2/19,5.820432015,-1.519701099,0.629409599,4.892673276,3.297760511,1.940231795,5.820432015
2018/2/26,5.572530071,-1.530789076,0.551449998,4.811186111,3.236537261,1.943777076,5.572530071
2018/3/5,5.586263151,-1.490206554,0.5132176,4.799285397,3.137354111,1.905410355,5.586263151
2018/3/12,5.62810578,-1.418113006,0.505149978,4.848743182,3.050766311,1.94094317,5.62810578
2018/3/19,5.653462402,-1.343805008,0.505149978,4.781360382,3.050766311,1.878357632,5.653462402
2018/3/26,5.607179346,-1.283819217,0.505149978,4.705897907,2.747411808,1.906181064,5.607179346
2018/4/2,5.630886337,-1.247028563,0.507855872,4.803620969,2.506505032,1.86332286,5.630886337
2018/4/9,5.637573778,-1.234138112,0.480006943,4.805874503,2.387389826,1.937374584,5.637573778
2018/4/16,5.714936342,-1.230895516,0.494154594,4.839113363,2.26245109,1.945187124,5.714936342
2018/4/23,5.702758718,-1.222240559,0.488550717,4.80643776,2.161368002,1.948692345,5.702758718
2018/4/30,5.698848385,-1.194575405,0.5132176,4.742450174,1.949390007,1.941653382,5.698848385
2018/5/7,5.605517292,-1.141866553,0.496929648,4.760791778,1.880813592,1.954242509,5.605517292
2018/5/14,5.643804904,-1.079358419,0.521138084,4.694139948,1.812913357,1.913056582,5.643804904
2018/5/21,5.627915547,-1.02275067,0.5289167,4.687921165,1.77815125,1.883255742,5.627915547
2018/5/28,5.612918361,-0.981175371,0.541579244,4.665627889,1.662757832,1.881629169,5.612918361
2018/6/4,5.588183158,-0.960776009,0.541579244,4.790327395,1.62324929,1.939519253,5.588183158
2018/6/11,5.621201217,-0.962422195,0.521138084,4.744347756,1.707570176,1.901536159,5.621201217
2018/6/18,5.600132883,-0.982558286,0.51054501,4.660799096,1.672097858,1.94094317,5.600132883
2018/6/25,5.619704671,-1.0193097,0.488550717,4.667238087,1.579783597,1.917580524,5.619704671
2018/7/2,5.633744095,-1.072025197,0.462397998,4.699959069,1.653212514,1.936657335,5.633744095
2018/7/9,5.682679264,-1.139803279,0.462397998,4.706103021,1.462397998,1.938805539,5.682679264
2018/7/16,5.716441593,-1.218085258,0.428134794,4.780576515,1.556302501,1.93014822,5.716441593
2018/7/23,5.725743433,-1.296554238,0.428134794,4.780144424,1.531478917,1.930876291,5.725743433
2018/7/30,5.741153963,-1.355301129,0.421603927,4.791178174,1.477121255,1.911538068,5.741153963
2018/8/6,5.765021473,-1.368556119,0.401400541,4.868109321,1.342422681,1.930876291,5.765021473
2018/8/13,5.773648238,-1.337960689,0.401400541,4.889116738,1.342422681,1.956991218,5.773648238
2018/8/20,5.776637996,-1.286422833,0.380211242,4.81845684,1.342422681,1.919078092,5.776637996
2018/8/27,5.676451251,-1.23390225,0.372912003,4.840720701,1.342422681,1.968482949,5.676451251
2018/9/3,5.646795689,-1.193335549,0.390935107,4.797253688,1.51851394,1.920570515,5.646795689
2018/9/10,5.571366384,-1.16967069,0.390935107,4.936237194,1.462397998,1.891298462,5.571366384
2018/9/17,5.639870809,-1.161205451,0.411619706,4.792279599,1.491361694,1.916077773,5.639870809
2018/9/24,5.637495734,-1.167210266,0.404833717,4.774582652,1.770852012,1.886490725,5.637495734
2018/10/1,5.863211,-1.188459739,0.45331834,4.770601668,1.477121255,1.792391689,5.863211
2018/10/8,5.647226439,-1.225568537,0.369215857,4.739493231,1.556302501,1.897627091,5.647226439
2018/10/15,5.666787459,-1.272153754,0.383815366,4.757115013,1.591064607,1.938805539,5.666787459
2018/10/22,5.679981768,-1.31674773,0.394451681,4.751710104,1.86332286,1.885684236,5.679981768
2018/10/29,5.693173618,-1.342710992,0.404833717,4.741742342,1.903089987,1.787359252,5.693173618
2018/11/5,5.701085936,-1.332552035,0.408239965,4.754302457,2.120573931,1.900757155,5.701085936
2018/11/12,5.731807872,-1.29381889,0.424881637,4.785507788,2.267171728,1.928688405,5.731807872
2018/11/19,5.762505261,-1.250955962,0.456366033,4.807189891,2.404833717,1.896841038,5.762505261
2018/11/26,5.728413037,-1.222278559,0.494154594,4.787722531,2.618048097,1.927223667,5.728413037
2018/12/3,5.722647905,-1.222093254,0.5132176,4.845222106,2.704150517,1.930876291,5.722647905
2018/12/10,5.740350055,-1.256904981,0.539076099,4.821480775,2.85308953,1.885684236,5.740350055
2018/12/17,5.742941047,-1.31945178,0.568201724,4.809539514,3.114610984,1.891298462,5.742941047
2018/12/24,5.716912739,-1.400026979,0.612783857,4.871386102,3.356408327,1.904638276,5.716912739
2018/12/31,5.740412433,-1.479982729,0.698970004,4.835005304,3.311329952,1.913813852,5.740412433
2019/1/7,5.736649833,-1.527828194,0.733999287,4.803655098,3.536684673,1.93014822,5.736649833
2019/1/14,5.749230632,-1.531019549,0.755874856,4.810380395,3.600537294,1.900757155,5.749230632
2019/1/21,5.774533753,-1.498022649,0.722633923,4.793392215,3.603577368,1.828843959,5.774533753
2019/1/28,5.826098137,-1.444477819,0.69019608,4.835417863,3.690284703,1.886490725,5.826098137
2019/2/4,5.951225287,-1.384384052,0.816903839,4.926522508,2.92992956,1.954242509,5.951225287
2019/2/11,5.831243786,-1.321739652,0.575187845,4.902416308,3.394451681,1.935938899,5.831243786
2019/2/18,5.647579532,-1.253698374,0.544068044,4.884381823,3.401745082,1.963787827,5.647579532
2019/2/25,5.685378929,-1.179281565,0.546542663,4.845866681,3.395151592,1.95630567,5.685378929
2019/3/4,5.680037117,-1.099395418,0.539076099,4.872634025,3.396373728,1.976415488,5.680037117
2019/3/11,5.743697866,-1.02257801,0.5774918,4.822795522,3.421932813,1.910776816,5.743697866
2019/3/18,5.755041277,-0.960208744,0.579783597,4.82230541,3.407220893,1.967815317,5.755041277
2019/3/25,5.736920527,-0.918429434,0.584331224,4.776330641,3.415140352,1.955619038,5.736920527
2019/4/1,5.73285435,-0.902152999,0.610660163,4.767178137,3.213783299,1.926489441,5.73285435
2019/4/8,5.717092723,-0.914959243,0.588831726,4.802575341,3.205475037,1.960402818,5.717092723
2019/4/15,5.746939188,-0.949790719,0.597695186,4.847264102,3.130976692,1.967146657,5.746939188
2019/4/22,5.746935299,-0.99681,0.584331224,4.779083981,3.14332713,1.945890435,5.746935299
2019/4/29,5.859611979,-1.04256785,0.586587305,4.820116038,2.829946696,1.94094317,5.859611979
2019/5/6,5.699337262,-1.069159098,0.536558443,4.696260257,2.996949248,1.953552605,5.699337262
2019/5/13,5.727646971,-1.073475373,0.539076099,4.673969601,2.985875357,1.950781977,5.727646971
2019/5/20,5.714565288,-1.065197316,0.546542663,4.688250699,2.880813592,1.959722639,5.714565288
2019/5/27,5.664657016,-1.055230596,0.534026106,4.699126322,2.851869601,1.963787827,5.664657016
2019/6/3,5.715469334,-1.053807284,0.579783597,4.662115356,2.758911892,1.93305321,5.715469334
2019/6/10,5.669083396,-1.065427493,0.536558443,4.678518379,2.641474111,1.931603144,5.669083396
2019/6/17,5.700923404,-1.085089409,0.521138084,4.645677662,2.624282096,1.936657335,5.700923404
2019/6/24,5.66323435,-1.106340157,0.526339277,4.64852589,2.624282096,1.940231795,5.66323435
2019/7/1,5.712730493,-1.121512949,0.51851394,4.651404019,2.57634135,1.928688405,5.712730493
2019/7/8,5.753436738,-1.123561372,0.480006943,4.668963349,2.575187845,1.943777076,5.753436738
2019/7/15,5.78805943,-1.112054189,0.482873584,4.688642252,2.488550717,1.921314807,5.78805943
2019/7/22,5.813414177,-1.089184009,0.471291711,4.717395862,2.53529412,1.931603144,5.813414177
2019/7/29,5.770572206,-1.057733115,0.456366033,4.873233385,2.492760389,1.959041392,5.770572206
2019/8/5,5.813018243,-1.020709998,0.450249108,4.720060025,2.571708832,1.914569805,5.813018243
2019/8/12,5.781984306,-0.98386998,0.421603927,4.708777708,2.385606274,1.935938899,5.781984306
2019/8/19,5.777019889,-0.953828734,0.414973348,4.707323154,2.336459734,1.919824945,5.777019889
2019/8/26,5.691423663,-0.935667817,0.394451681,4.672910245,2.298853076,1.952169501,5.691423663
2019/9/2,5.640063837,-0.934205607,0.411619706,4.623611052,2.372912003,1.948692345,5.640063837
2019/9/9,5.641009822,-0.952485246,0.471291711,4.572011452,2.227886705,1.908485019,5.641009822
2019/9/16,5.671625421,-0.987291721,0.447158031,4.572453363,2.214843848,1.842430921,5.671625421
2019/9/23,5.639147687,-1.034650993,0.45331834,4.557904021,2.357934847,1.850383636,5.639147687
2019/9/30,5.913671359,-1.089388245,0.5132176,4.636959046,1.73239376,1.857332496,5.913671359
2019/10/7,5.611404638,-1.143953935,0.408239965,4.562923026,2.100370545,1.918329954,5.611404638
2019/10/14,5.68713551,-1.191751394,0.431363764,4.560086048,2.187520721,1.868392503,5.68713551
2019/10/21,5.674969471,-1.225851589,0.440909082,4.562697224,2.334453751,1.870069318,5.674969471
2019/10/28,5.656421166,-1.238714167,0.456366033,4.556230112,2.403120521,1.858193338,5.656421166
2019/11/4,5.674897866,-1.225012485,0.456366033,4.558720567,2.505149978,1.787359252,5.674897866
2019/11/11,5.680077036,-1.191086646,0.471291711,4.610532411,2.606381365,1.880813592,5.680077036
2019/11/18,5.688488343,-1.152660146,0.505149978,4.646834866,2.791690649,1.853002506,5.688488343
2019/11/25,5.648989038,-1.122098747,0.534026106,4.688722299,3.031004281,1.857332496,5.648989038
2019/12/2,5.641059449,-1.108754125,0.588831726,4.75492141,3.224274014,1.651831608,5.641059449
2019/12/9,5.668636542,-1.118301053,0.698970004,4.783875006,3.463594402,1.84509804,5.668636542
2019/12/16,5.648778489,-1.149340338,0.738780558,5.001751015,3.607990859,1.896053559,5.648778489
2019/12/23,5.718658604,-1.201607882,0.772321707,4.850719734,3.672744198,1.895264649,5.718658604
2019/12/30,5.739803274,-1.277285732,0.800717078,4.780936263,3.665205628,1.936657335,5.739803274
2020/1/6,5.744093397,-1.381462483,0.761927838,4.781819976,3.66029616,1.903864821,5.744093397
2020/1/13,5.80352403,-1.520483166,0.686636269,4.818859053,3.621902961,1.884876246,5.80352403
2020/1/20,5.675130081,-1.700630093,0.86923172,4.667938344,3.55351894,1.936657335,5.675130081
2020/1/27,4.896349818,-1.917988866,0.903089987,4.402828605,3.229169703,1.815767438,4.896349818
2020/2/3,4.292986667,-2.103613407,0.776701184,4.355987592,2.910624405,1.931603144,4.292986667
2020/2/10,3.961848059,-2.119172579,0.691965103,4.881470252,2.544068044,1.969815141,3.961848059
2020/2/17,4.222326211,-2.007835931,0.593286067,4.763562754,2.220108088,1.840643699,4.222326211
2020/2/24,4.236814275,-1.88802676,0.5289167,4.750870798,2.120573931,1.927956653,4.236814275
2020/3/2,4.434712581,-1.813550882,0.456366033,4.700660459,1.886490725,1.960402818,4.434712581
2020/3/9,4.476672252,-1.795514495,0.428134794,4.674796864,1.919078092,1.932328782,4.476672252
2020/3/16,4.267640982,-1.81787604,0.411619706,4.740520586,1.919078092,1.968482949,4.267640982
2020/3/23,3.990250033,-1.869992686,0.372912003,4.789615962,1.672097858,1.969815141,3.990250033
2020/3/30,3.261024834,-1.943386109,0.334453751,4.774261423,1.380211242,1.987410873,3.261024834
2020/4/6,3.2929203,-2.025928674,0.330413773,4.780957838,1,1.921314807,3.2929203
2020/4/13,3.454997217,-2.11200432,0.330413773,4.812853219,0.84509804,1.884876246,3.454997217
2020/4/20,3.441066407,-2.203082599,0.334453751,4.767719712,0.698970004,1.95630567,3.441066407
2020/4/27,3.419790586,-2.302201215,0.365487985,4.598243192,0,1.900757155,3.419790586
2020/5/4,3.466571072,-2.414417121,0.376576957,4.552729037,0.477121255,1.951476293,3.466571072
2020/5/11,3.515608949,-2.510396269,0.376576957,4.543347759,0,1.939519253,3.515608949
2020/5/18,3.561459171,-2.488230773,0.397940009,4.533759352,0,1.967146657,3.561459171
2020/5/25,3.594613509,-2.309021123,0.397940009,4.572650915,0,1.973787375,3.594613509
2020/6/1,3.648847708,-2.063520992,0.414973348,4.515264345,0,1.963112933,3.648847708
2020/6/8,3.66029616,-1.836048755,0.456366033,4.516773278,1.204119983,1.948692345,3.66029616
2020/6/15,3.710963119,-1.673885706,0.46834733,4.491165517,0.477121255,1.934498451,3.710963119
2020/6/22,3.702516697,-1.577421371,0.447158031,4.46167857,0,1.934498451,3.702516697
2020/6/29,3.748110467,-1.546546255,0.394451681,4.476483822,0,1.930876291,3.748110467
2020/7/6,3.757775491,-1.596345368,0.376576957,4.47364752,0.301029996,1.93305321,3.757775491
2020/7/13,4.128011333,-1.737937528,0.369215857,4.460461827,0,1.913813852,4.128011333
2020/7/20,4.367505009,-2.004683493,0.372912003,4.443935427,0,1.920570515,4.367505009
2020/7/27,4.435079538,-2.552400454,0.383815366,4.439711549,0,1.935938899,4.435079538
2020/8/3,4.532690695,0,0.376576957,4.438099127,0,1.958359076,4.532690695
2020/8/10,4.600133974,-2.818362751,0.376576957,4.478941472,0.301029996,1.935938899,4.600133974
2020/8/17,4.677533956,-2.162345539,0.350248018,4.492969805,0.301029996,1.94799356,4.677533956
2020/8/24,4.784132095,-1.857051411,0.369215857,4.483501713,0,1.918329954,4.784132095
2020/8/31,4.880624976,-1.683162163,0.424881637,4.51263104,0.301029996,1.917580524,4.880624976
2020/9/7,4.953484245,-1.588791756,0.480006943,4.535812938,0.477121255,1.939519253,4.953484245
2020/9/14,5.012005788,-1.544367831,0.480006943,4.548217386,0.301029996,1.939519253,5.012005788
2020/9/21,5.014982309,-1.536501249,0.465382851,4.573892271,0,1.919824945,5.014982309
2020/9/28,5.089753258,-1.56310816,0.499687083,4.537995295,0.698970004,1.925017255,5.089753258
2020/10/5,5.033443861,-1.63033679,0.46834733,4.550411819,0.301029996,1.870905304,5.033443861
2020/10/12,5.067840516,-1.739479588,0.437750563,4.582915199,0.602059991,1.888099225,5.067840516
2020/10/19,5.099580514,-1.874520784,0.462397998,4.516151809,0.698970004,1.804236819,5.099580514
2020/10/26,5.120228332,-1.980516356,0.494154594,4.522418149,0.77815125,1.899976752,5.120228332
2020/11/2,5.12303453,-1.951375505,0.499687083,4.526119489,0.301029996,1.825147813,5.12303453
2020/11/9,5.115081049,-1.795102946,0.515873844,4.536166896,0.77815125,1.806179974,5.115081049
2020/11/16,5.166065829,-1.647708903,0.507855872,4.578616291,0.77815125,1.93014822,5.166065829
2020/11/23,5.166219873,-1.558357171,0.485721426,4.573764819,0.602059991,1.873403649,5.166219873
2020/11/30,5.118912542,-1.545416755,0.488550717,4.578845422,1.322219295,1.81481816,5.118912542
2020/12/7,5.117271296,-1.628391713,0.50242712,4.608878888,1.431363764,1.86332286,5.117271296
2020/12/14,5.113615838,-1.689098382,0.499687083,4.644064206,1.579783597,1.841538229,5.113615838
2020/12/21,5.165947296,-1.5165738,0.5132176,4.626319833,1.792391689,1.833420339,5.165947296
2020/12/28,5.132826209,-1.189518553,0.531478917,4.576893946,1.748188027,1.734685557,5.132826209
2021/1/4,5.041207083,-0.873644003,0.515873844,4.583708742,2.093421685,1.726610792,5.041207083
2021/1/11,5.064727468,-0.631787009,0.50242712,4.555940438,2.089905111,1.707570176,5.064727468
2021/1/18,5.066482467,-0.467053621,0.488550717,4.517024258,2.204119983,1.836143197,5.066482467
2021/1/25,5.016180617,-0.363313077,0.440909082,4.466096174,2.181843588,1.857332496,5.016180617
2021/2/1,5.027610514,-0.313398473,0.372912003,4.452430494,2.100370545,1.870069318,5.027610514
2021/2/8,4.908806599,-0.31572994,0.471291711,4.385141348,1.748188027,1.903089987,4.908806599
2021/2/15,4.922554197,-0.356977261,0.383815366,4.440389506,1.748188027,1.851258349,4.922554197
2021/2/22,5.038850559,-0.424452348,0.301029996,4.519814873,1.84509804,1.927956653,5.038850559
2021/3/1,5.123828783,-0.501228136,0.318063335,4.581130106,1.939519253,1.951476293,5.123828783
2021/3/8,5.200645336,-0.561783442,0.334453751,4.562292864,2.008600172,1.914569805,5.200645336
2021/3/15,5.209439945,-0.594222499,0.387389826,4.580845177,2.315970345,1.927956653,5.209439945
2021/3/22,5.239489676,-0.596195984,0.411619706,4.581357914,2.307496038,1.865019325,5.239489676
2021/3/29,5.150559965,-0.571670258,0.428134794,4.557615461,2.338456494,1.933776432,5.150559965
2021/4/5,5.163790288,-0.528972431,0.421603927,4.594569326,2.346352974,1.907718391,5.163790288
2021/4/12,5.265888078,-0.480872697,0.437750563,4.637299559,2.401400541,1.930876291,5.265888078
2021/4/19,5.253781283,-0.439581012,0.471291711,4.607798034,2.505149978,1.901536159,5.253781283
2021/4/26,5.337974119,-0.413416369,0.50242712,4.60054819,2.540329475,1.929418926,5.337974119
2021/5/3,5.204095553,-0.409398276,0.523746467,4.584692986,2.492760389,1.928688405,5.204095553
2021/5/10,5.281317498,-0.424431783,0.50242712,4.641662462,2.469822016,1.919824945,5.281317498
2021/5/17,5.267364184,-0.435022824,0.541579244,4.625631365,2.542825427,1.910776816,5.267364184
2021/5/24,5.215330832,-0.414155968,0.561101384,4.627673032,2.644438589,1.911538068,5.215330832
2021/5/31,5.097541886,-0.343408267,0.5774918,4.630142998,2.59439255,1.925017255,5.097541886
2021/6/7,5.046147746,-0.231249489,0.588831726,4.524409105,2.549003262,1.931603144,5.046147746
2021/6/14,4.990147865,-0.122187453,0.565847819,4.502003545,2.442479769,1.922057826,4.990147865
2021/6/21,5.034042586,-0.042382788,0.541579244,4.545232872,2.359835482,1.95008655,5.034042586
2021/6/28,5.048744694,-0.00237678,0.521138084,4.534749328,2.23299611,1.935938899,5.048744694
2021/7/5,5.145401536,-0.012708827,0.50242712,4.541441945,2.269512944,1.906950408,5.145401536
2021/7/12,5.244306815,-0.073398339,0.494154594,4.59645414,2.365487985,1.896053559,5.244306815
2021/7/19,5.274848014,-0.175979855,0.485721426,4.689708333,2.281033367,1.94094317,5.274848014
2021/7/26,5.239309492,-0.308229304,0.46834733,4.620562849,2.411619706,1.922799576,5.239309492
2021/8/2,4.621560535,-0.428398551,0.45331834,4.879898324,2.298853076,1.938805539,4.621560535
2021/8/9,4.789411474,-0.464106466,0.428134794,4.649617156,2.294466226,1.946592609,4.789411474
2021/8/16,5.017813533,-0.416352933,0.394451681,4.605929636,2.311753861,1.912297989,5.017813533
2021/8/23,5.05969592,-0.333529948,0.350248018,4.604323272,2.404833717,1.913056582,5.05969592
2021/8/30,5.097437794,-0.254605816,0.354108439,4.588954833,2.480006943,1.917580524,5.097437794
2021/9/6,5.221403804,-0.197878973,0.411619706,4.610628228,2.617000341,1.892889286,5.221403804
2021/9/13,5.276333105,-0.161324147,0.46834733,4.624715143,2.652246341,1.910014226,5.276333105
2021/9/20,5.108818626,-0.138208961,0.499687083,4.924134497,2.587710965,1.912297989,5.108818626
2021/9/27,3.966986025,-0.124201595,0.474216264,4.975183569,2.612783857,1.897627091,3.966986025
2021/10/4,3.648164779,-0.116158516,0.465382851,4.872785398,2.579783597,1.916829798,3.648164779
2021/10/11,3.732795698,-0.112470131,0.383815366,4.753521778,2.605305046,1.912297989,3.732795698
2021/10/18,5.063746062,-0.112943408,0.434568904,4.660011221,2.665580991,1.906181064,5.063746062
2021/10/25,5.231433907,-0.117580402,0.496929648,4.633862172,2.796574333,1.897627091,5.231433907
2021/11/1,5.213055326,-0.126504892,0.496929648,4.635252464,2.836324116,1.922799576,5.213055326
2021/11/8,5.201044629,-0.139843413,0.494154594,4.613683291,2.912222057,1.716003344,5.201044629
2021/11/15,5.248201395,-0.157314102,0.499687083,4.559439777,3.046104787,1.874233247,5.248201395
2021/11/22,5.277762737,-0.178543737,0.499687083,4.589312765,3.062581984,1.805209483,5.277762737
2021/11/29,5.218328024,-0.203147029,0.541579244,4.614454263,3.180985581,1.687656339,5.218328024
2021/12/6,5.205131253,-0.230599749,0.563481085,4.602222821,3.312600439,1.839747322,5.205131253
2021/12/13,5.230252167,-0.259420248,0.572871602,4.652410742,3.368472838,1.841538229,5.230252167
2021/12/20,5.241720761,-0.28718628,0.597695186,4.702068473,3.379849179,1.922799576,5.241720761
2021/12/27,5.294223659,-0.310816372,0.606381365,4.674052398,3.450249108,1.888099225,5.294223659
2022/1/3,5.29078229,-0.326669953,0.621176282,4.618821812,3.499549626,1.901536159,5.29078229
2022/1/10,5.22570462,-0.330969504,0.582063363,4.640173247,3.506369717,1.88406675,5.22570462
2022/1/17,5.037103645,-0.320574444,0.523746467,4.574482699,3.469085299,1.912297989,5.037103645
2022/1/24,5.03686833,-0.293863377,0.444044796,4.587666074,3.415974411,1.938805539,5.03686833
2022/1/31,5.025248502,-0.251249319,0.572871602,4.564121376,3.037426498,1.911538068,5.025248502
2022/2/7,5.177357551,-0.240181123,0.376576957,4.657419207,3.301247089,1.93014822,5.177357551
2022/2/14,5.210500441,-0.465846926,0.365487985,4.732361589,3.315130317,1.948692345,5.210500441
2022/2/21,5.252595775,-0.345611659,0.418301291,4.730604647,3.324488233,1.919824945,5.252595775
2022/2/28,5.003693128,-0.463698281,0.515873844,4.695210158,3.35945602,1.917580524,5.003693128
2022/3/7,5.094879725,-0.528760927,0.531478917,4.709634547,3.314288661,1.851258349,5.094879725
2022/3/14,5.018908444,-0.640734686,0.549003262,4.795984236,3.162564407,1.94799356,5.018908444
2022/3/21,4.989832327,-0.800120252,0.491361694,4.76855671,3.011993115,1.979027794,4.989832327
2022/3/28,5.048612691,-0.92233613,0.471291711,4.668581585,2.895974732,1.917580524,5.048612691
2022/4/4,5.028599717,-0.746244872,0.491361694,4.637319581,2.568201724,1.851258349,5.028599717
2022/4/11,5.05905575,-0.861638289,0.408239965,4.631118941,2.480006943,1.903089987,5.05905575
2022/4/18,5.086882805,-0.764728277,0.480006943,4.648808713,2.397940009,1.945890435,5.086882805
2022/4/25,5.217433932,-0.821104745,0.397940009,4.660865478,2.372912003,1.958359076,5.217433932
2022/5/2,5.118258111,-0.542124889,0.421603927,4.617545489,2.117271296,1.897627091,5.118258111
2022/5/9,4.99898256,-0.742640747,0.380211242,4.690125169,2.45484486,1.980328078,4.99898256
2022/5/16,5.107393149,-0.605318029,0.428134794,4.630549908,2.704150517,1.901536159,5.107393149
2022/5/23,5.092288942,-0.443409075,0.488550717,4.612275117,2.757396029,1.977070039,5.092288942
2022/5/30,5.115244285,-0.524396122,0.572871602,4.581335139,2.824776462,1.954242509,5.115244285
2022/6/6,5.089922765,-0.398914856,0.614897216,4.632993502,3.028164419,1.971805799,5.089922765
2022/6/13,5.049566869,-0.434491011,0.677606953,4.832751539,3.148910993,1.958359076,5.049566869
2022/6/20,3.312600439,-0.800120252,0.717670503,5.112346895,3.245512668,1.931603144,3.312600439
2022/6/27,3.309417226,-0.968093623,0.653212514,4.91826106,3.24674471,1.945890435,3.309417226
2022/7/4,3.222456337,-1.22336613,0.608526034,4.869507468,3.281260687,1.959041392,3.222456337
2022/7/11,3.167612673,-2.524396067,0.579783597,4.820556109,3.26599637,1.916829798,3.167612673
2022/7/18,3.138302698,-1.746244865,0.534026106,4.820700513,3.202760687,1.899194943,3.138302698
2022/7/25,3.249931757,0,0.539076099,4.803265875,3.16613397,1.89050086,3.249931757
2022/8/1,4.380609163,-1.825426121,0.534026106,4.748381865,3.147057671,1.920570515,4.380609163
2022/8/8,4.693498313,-1.348304866,0.521138084,4.708463393,3.127428778,1.962436988,4.693498313
2022/8/15,4.91527317,-0.825426118,0.474216264,4.653251116,3.056523724,1.936657335,4.91527317
2022/8/22,4.967772553,-0.533170046,0.447158031,4.817823093,2.990338855,1.929418926,4.967772553
2022/8/29,4.982872495,-0.587380014,0.437750563,4.622628426,2.866877814,1.865019325,4.982872495
2022/9/5,4.979120243,-0.667063625,0.496929648,4.594049842,2.827369273,1.853871964,4.979120243
2022/9/12,5.045714059,-0.558254389,0.477121255,4.606456608,2.833784375,1.813866803,5.045714059
2022/9/19,5.121887985,-0.492987658,0.465382851,4.619176841,2.749736316,1.886490725,5.121887985
2022/9/26,5.223812526,-0.577452851,0.471291711,5.075536013,2.835690571,1.925753972,5.223812526
2022/10/3,5.089311523,-0.336875401,0.444044796,4.597695186,2.779596491,1.902313768,5.089311523
2022/10/10,5.030219092,-0.721622398,0.444044796,4.859360493,2.773054693,1.735826936,5.030219092
2022/10/17,5.06196112,-0.515795951,0.46834733,5.230643033,2.777426822,1.827922867,5.06196112
2022/10/24,5.022527344,-0.68870555,0.462397998,4.695718022,2.761175813,1.849507159,5.022527344
2022/10/31,4.653309013,-0.718216148,0.447158031,4.975137584,2.678518379,1.927956653,4.653309013
2022/11/7,4.95069094,-0.742640747,0.424881637,4.678144926,2.660865478,1.952861604,4.95069094
2022/11/14,4.980925552,-0.661073263,0.431363764,4.706939566,2.592176757,1.922799576,4.980925552
2022/11/21,4.857187707,-0.607942174,0.465382851,4.722559889,2.57863921,1.969815141,4.857187707
2022/11/28,4.838924614,-0.63509442,0.431363764,5.28266742,2.584331224,1.933776432,4.838924614
2022/12/5,4.946957992,-0.544392751,0.5132176,4.748622104,2.604226053,1.858193338,4.946957992
2022/12/12,4.960608702,-0.530959892,0.897627091,4.727533124,2.392696953,1.883255742,4.960608702
2022/12/19,4.681304567,-0.704852187,1.046104787,4.656203647,1.755874856,1.708784987,4.681304567
2022/12/26,4.921728083,-0.757240257,0.848804701,4.644930708,1.278753601,1.836143197,4.921728083
2023/1/2,5.143807679,-0.682411318,0.515873844,4.709159677,1.230448921,1.848628909,5.143807679
2023/1/9,5.376116872,-0.438036291,0.318063335,4.776839149,1.397940009,1.970479708,5.376116872
2023/1/16,5.359683737,-0.420592401,0.29666519,4.685696964,1.041392685,1.860765672,5.359683737
2023/1/23,5.47142814,-0.441610752,0.301029996,4.734711842,1.653212514,1.74929451,5.47142814
2023/1/30,5.377934285,-0.355604102,0.146128036,4.776003429,1.698970004,1.89050086,5.377934285
2023/2/6,5.384512907,-0.390857213,0.152288344,5.227663075,2.426511261,1.967146657,5.384512907
2023/2/13,5.419841793,-0.403822191,0.264817823,4.718227573,2.895422546,1.857332496,5.419841793
2023/2/20,5.423163924,-0.309552274,0.612783857,4.699230503,3.410439786,1.816714646,5.423163924
2023/2/27,5.431220584,-0.283846874,0.873901598,4.670700325,3.707314634,1.839747322,5.431220584
2023/3/6,5.433292888,-0.300381311,0.979548375,4.661642341,3.835753968,1.871739683,5.433292888
2023/3/13,5.479778231,-0.29522642,0.95230801,4.716904404,3.828015064,1.903864821,5.479778231
2023/3/20,5.463116236,-0.373639682,0.923244019,4.803388825,3.865400118,1.97114326,5.463116236
2023/3/27,5.4074164,-0.259578299,0.889861721,4.772849582,3.778874472,1.984848656,5.4074164
2023/4/3,5.355215822,-0.162668286,0.820857989,4.73715287,3.697054892,1.94094317,5.355215822
2023/4/10,5.527415923,-0.228829022,0.733999287,4.72534799,3.575418791,1.927956653,5.527415923
2023/4/17,5.528195275,-0.174148104,0.695481676,4.779719115,3.436639632,1.977070039,5.528195275
2023/4/24,5.611435453,-0.211584296,0.639486489,4.716320597,3.260548373,1.930876291,5.611435453
2023/5/1,5.542395898,-0.265519493,0.709269961,4.663040975,3.03702788,1.954242509,5.542395898
2023/5/8,5.497499113,-0.325739035,0.730782276,4.726556065,2.764176132,1.955619038,5.497499113
2023/5/15,5.571076141,-0.372107778,0.77524626,4.66101717,2.401400541,1.952861604,5.571076141
2023/5/22,5.511439486,-0.382946349,0.743509765,4.625188937,2.029383778,1.955619038,5.511439486
2023/5/29,5.473635846,-0.329881781,0.727541257,4.637319581,1.763427994,1.909250296,5.473635846
2023/6/5,5.52706637,-0.304288034,0.695481676,4.649928443,1.698970004,1.946592609,5.52706637
2023/6/12,5.50370082,-0.129069729,0.675778342,4.675622554,1.361727836,1.953552605,5.50370082
2023/6/19,5.566430421,-0.080351326,0.668385917,4.639107811,1.278753601,1.933776432,5.566430421
2023/6/26,5.554559417,-0.235476516,0.627365857,4.630814195,1.361727836,1.935219272,5.554559417
2023/7/3,5.600701785,-0.304288034,0.599883072,4.649334859,1.643452676,1.927223667,5.600701785
2023/7/10,5.637247498,-0.200113667,0.582063363,4.692212192,1.698970004,1.899976752,5.637247498
2023/7/17,5.631592905,-0.200113667,0.57054294,4.722123656,1.954242509,1.943777076,5.631592905
2023/7/24,5.668996854,-0.264324734,0.563481085,4.729739687,2.053078443,1.89050086,5.668996854
2023/7/31,5.717378379,-0.198060261,0.534026106,4.676958677,2.1430148,1.924279286,5.717378379
2023/8/7,5.750094731,-0.177066107,0.57054294,4.708352904,2.285557309,1.933776432,5.750094731
2023/8/14,5.754718246,-0.15332826,0.549003262,4.682036715,2.326335861,1.940231795,5.754718246
2023/8/21,5.72568463,-0.217971094,0.549003262,4.631433622,2.421603927,1.943070331,5.72568463
2023/8/28,5.4356501,-0.214765955,0.539076099,4.70404751,2.350248018,1.935219272,5.4356501
2023/9/4,5.530875595,-0.336875401,0.561101384,4.688597775,2.436162647,1.942362435,5.530875595
2023/9/11,5.596999319,-0.242227344,0.597695186,4.646393923,2.517195898,1.973127854,5.596999319
2023/9/18,5.63000558,-0.210528902,0.639486489,4.56801388,2.595496222,1.919078092,5.63000558
2023/9/25,5.668034425,-0.192968826,0.635483747,4.553421799,2.643452676,1.905410355,5.668034425
2023/10/2,5.692572866,-0.141478987,0.649334859,4.6599162,2.691081492,1.888099225,5.692572866
2023/10/9,5.607075252,-0.148732508,0.599883072,4.604139618,2.824776462,1.907718391,5.607075252
2023/10/16,5.602133815,-0.196016519,0.655138435,4.590774981,2.955206538,1.919824945,5.602133815
2023/10/23,5.633087523,-0.200113667,0.686636269,4.53145337,3.142076461,1.926489441,5.633087523
2023/10/30,5.616218117,-0.258399751,0.720985744,4.51339075,3.287577809,1.907718391,5.616218117
2023/11/6,5.600746438,-0.329881781,0.72427587,4.582267956,3.386498966,1.912297989,5.600746438
2023/11/13,5.642915398,-0.283846874,0.800717078,4.604204446,3.536810866,1.798354636,5.642915398
2023/11/20,5.630987927,-0.224453222,0.883093359,4.58336883,3.67596155,1.859909919,5.630987927
2023/11/27,5.595562353,-0.259578299,0.909556029,4.584037071,3.740441645,1.857332496,5.595562353
2023/12/4,5.614078453,-0.252554516,0.931457871,4.630905641,3.786609473,1.870905304,5.614078453
2023/12/11,5.630242726,-0.179022391,0.911690159,4.733237401,3.76305344,1.922057826,5.630242726
2023/12/18,5.626337287,-0.173179777,0.905256049,4.75869999,3.719331287,1.808114474,5.626337287
2023/12/25,5.708652009,-0.157973165,0.926342447,4.697978682,3.707740454,1.818602885,5.708652009
2024/1/1,5.569139725,-0.27397612,0.937517892,4.654859705,3.710709566,1.882443217,5.569139725
2024/1/8,5.621321715,-0.221200065,0.888740961,4.689610718,3.654753933,1.86332286,5.621321715
2024/1/15,5.70482718,-0.174148104,0.846337112,4.815763645,3.617419747,1.892889286,5.70482718
2024/1/22,5.729538964,-0.159845127,0.797959644,4.882479,3.549248557,1.844210819,5.729538964
2024/1/29,5.767161805,-0.171249576,0.766412847,4.86550668,3.52530401,1.963112933,5.767161805
2024/2/5,5.779812863,-0.131699169,0.846337112,4.794920035,3.435685138,1.922799576,5.779812863
2024/2/12,5.95679396,-0.136117259,0.835056102,4.748893183,3.35564305,1.900757155,5.95679396
2024/2/19,5.603956966,-0.148732508,0.710963119,4.72893786,3.394276527,1.94094317,5.603956966
2024/2/26,5.533652605,-0.204249836,0.673941999,4.745597817,3.322012439,1.897627091,5.533652605
2024/3/4,5.561839296,-0.246786908,0.693726949,4.77574876,3.316389751,1.930876291,5.561839296
2024/3/11,5.623498421,-0.331271524,0.688419822,4.714354911,3.274388796,1.935938899,5.623498421
2024/3/18,5.638769711,-0.392456827,0.658964843,4.648750213,3.192009593,1.921314807,5.638769711
2024/3/25,5.605856455,-0.278883455,0.63748973,4.635624468,3.161966616,1.95008655,5.605856455
2024/4/1,5.622998982,-0.137897157,0.63748973,4.677597829,3.006893708,1.963787827,5.622998982
2024/4/8,5.627925776,-0.349754929,0.604226053,4.599981268,2.91750551,1.929418926,5.627925776
2024/4/15,5.620590941,-0.290131997,0.619093331,4.716095204,2.871572936,1.94799356,5.620590941
2024/4/22,5.556494272,-0.351209853,0.629409599,4.745394927,2.846955325,1.977723605,5.556494272
2024/4/29,5.779284004,-0.358558498,0.655138435,4.802493224,2.736396502,1.979678422,5.779284004
2024/5/6,5.539851112,-0.467491271,0.641474111,4.592565338,2.873320602,1.936657335,5.539851112
2024/5/13,5.619839134,-0.348304863,0.668385917,4.606359865,2.825426118,1.88729572,5.619839134
2024/5/20,5.568077287,-0.424025577,0.64738297,4.635453586,2.755874856,1.982271233,5.568077287
2024/5/27,5.542404617,-0.467491271,0.660865478,4.638668928,2.810232518,1.959041392,5.542404617
2024/6/3,5.596783967,-0.548964313,0.653212514,4.685741739,2.702430536,1.980976763,5.596783967
2024/6/10,5.544386824,-0.445214876,0.668385917,4.620833282,2.702430536,1.967146657,5.544386824
2024/6/17,5.59477805,-0.415492994,0.670245853,4.596904841,2.703291378,1.945890435,5.59477805
2024/6/24,5.604176355,-0.418885938,0.660865478,4.571266162,2.773054693,1.93305321,5.604176355
2024/7/1,5.629268889,-0.381381322,0.660865478,4.575718838,2.839478047,1.925017255,5.629268889
2024/7/8,5.670231933,-0.32027614,0.660865478,4.58768852,2.770115295,1.900757155,5.670231933
2024/7/15,5.733745206,-0.239965388,0.641474111,4.672365744,2.736396502,1.947293649,5.733745206
2024/7/22,5.733198068,-0.258399751,0.629409599,4.716020047,2.715167358,1.944482672,5.733198068
2024/7/29,5.772718406,-0.313542757,0.602059991,4.650113164,2.635483747,1.947293649,5.772718406
2024/8/5,5.816744922,-0.276422856,0.572871602,4.638978187,2.57634135,1.916829798,5.816744922
2024/8/12,5.775335878,-0.317570246,0.556302501,4.734423758,2.555094449,1.960402818,5.775335878
2024/8/19,5.822387134,-0.370581257,0.526339277,4.685266889,2.456366033,1.944482672,5.822387134
2024/8/26,5.711163321,-0.288867675,0.507855872,4.621550154,2.413299764,1.932328782,5.711163321
2024/9/2,5.526667459,-0.306912178,0.515873844,4.699273904,2.383815366,1.940231795,5.526667459
2024/9/9,5.620068354,-0.441610752,0.539076099,4.581335139,2.463892989,1.914569805,5.620068354
2024/9/16,5.650721217,-0.309552274,0.563481085,4.647236224,2.439332694,1.934498451,5.650721217
2024/9/23,5.614612512,-0.283846874,0.544068044,4.638758735,2.515873844,1.943070331,5.614612512
2024/9/30,5.920666898,-0.285096643,0.591064607,4.616107757,2.356025857,1.808114474,5.920666898
2024/10/7,5.546574741,-0.275197765,0.5132176,4.537882032,2.536558443,1.857332496,5.546574741
2024/10/14,5.660103372,-0.263133254,0.515873844,4.579634997,2.542825427,1.910014226,5.660103372
2024/10/21,5.678012774,-0.287607023,0.51851394,4.629175058,2.604226053,1.817659792,5.678012774
2024/10/28,5.625074656,-0.313542757,0.536558443,4.568471607,2.726727209,1.835237473,5.625074656
2024/11/4,5.648778489,-0.2939472,0.556302501,4.580970569,2.69019608,1.824218841,5.648778489
2024/11/11,5.662996628,-0.217971094,0.565847819,4.672125578,2.85308953,1.953552605,5.662996628
2024/11/18,5.664257332,-0.246786908,0.565847819,4.704202011,3.014520539,1.948692345,5.664257332
2024/11/25,5.666860414,-0.204249836,0.586587305,4.629552302,3.146748014,1.798354636,5.666860414
2024/12/2,5.653324451,-0.244501142,0.602059991,4.64279086,3.328990855,1.888099225,5.653324451
2024/12/9,5.658447381,-0.272757902,0.658964843,4.684576087,3.428458774,1.826074803,5.658447381
2024/12/16,5.641293613,-0.249084768,0.733999287,4.823767572,3.618675539,1.697727387,5.641293613
2024/12/23,5.683572019,-0.228829022,0.799340549,4.678673131,3.688686724,1.788370416,5.683572019
