date,N-tourists,Sentiment,Baidu,WS-avg,N-tourist
2017/1/2,5.563063202,-0.623962396,4.742544465,0.836143197,5.563063202
2017/1/9,5.601230783,-0.689135943,4.753782161,1.089400411,5.601230783
2017/1/16,5.644606957,-0.723659277,4.728978392,1.057991947,5.644606957
2017/1/23,5.67304949,-0.727128426,4.774414767,0.947293649,5.67304949
2017/1/30,5.840825974,-0.706175277,4.87796996,0.993751051,5.840825974
2017/2/6,5.59129283,-0.670842927,4.785073454,1.15490196,5.59129283
2017/2/13,5.572182455,-0.63059857,4.749635844,0.918329954,5.572182455
2017/2/20,5.557698442,-0.592603991,4.730313825,1.052529051,5.557698442
2017/2/27,5.558986814,-0.561886077,4.685338598,0.980976763,5.558986814
2017/3/6,5.562909957,-0.541752274,4.722066007,0.974445896,5.562909957
2017/3/13,5.569243953,-0.53063825,4.744918542,0.993751051,5.569243953
2017/3/20,5.600316059,-0.525025674,4.74530906,1.01822482,5.600316059
2017/3/27,5.583831045,-0.521843263,4.751425384,1.068715812,5.583831045
2017/4/3,5.556881174,-0.518222412,4.678618519,0.895264649,5.556881174
2017/4/10,5.567804809,-0.513288913,4.716487479,0.967815317,5.567804809
2017/4/17,5.622530041,-0.509505912,4.761085483,0.967815317,5.622530041
2017/4/24,5.679852897,-0.509597285,4.739872845,0.974445896,5.679852897
2017/5/1,5.562899263,-0.516361879,4.683668302,0.918329954,5.562899263
2017/5/8,5.573026016,-0.531608526,4.692326864,0.798354636,5.573026016
2017/5/15,5.596524524,-0.551882002,4.683335271,1.012234456,5.596524524
2017/5/22,5.588996234,-0.571730792,4.688268505,0.993751051,5.588996234
2017/5/29,5.567554495,-0.584695791,4.656050264,0.961081934,5.567554495
2017/6/5,5.558102295,-0.584290181,4.650734806,0.93305321,5.558102295
2017/6/12,5.554249232,-0.573140234,4.745480776,0.93305321,5.554249232
2017/6/19,5.584552839,-0.561127058,4.701913211,0.925753972,5.584552839
2017/6/26,5.578539506,-0.557536535,4.695061188,0.93305321,5.578539506
2017/7/3,5.607657647,-0.571602856,4.73989656,0.967815317,5.607657647
2017/7/10,5.665574425,-0.609133716,4.73452781,0.980976763,5.665574425
2017/7/17,5.667406252,-0.668541132,4.818146684,0.93305321,5.667406252
2017/7/24,5.694010818,-0.748105731,4.792713789,0.93305321,5.694010818
2017/7/31,5.695129545,-0.844634665,4.790840874,0.84509804,5.695129545
2017/8/7,5.735279448,-0.95078188,4.764549719,0.954242509,5.735279448
2017/8/14,5.743905467,-1.061926627,4.749233727,0.817659792,5.743905467
2017/8/21,5.517960849,-1.173400051,4.913103571,1.207980403,5.517960849
2017/8/28,5.479526365,-1.275336364,4.720647094,0.918329954,5.479526365
2017/9/4,5.575436107,-1.351249466,4.723217525,0.918329954,5.575436107
2017/9/11,5.629237274,-1.384235062,4.700599889,0.993751051,5.629237274
2017/9/18,5.645242422,-1.36908297,4.721249873,1,5.645242422
2017/9/25,5.615578692,-1.315190406,4.754867955,0.993751051,5.615578692
2017/10/2,5.785898317,-1.238944037,4.768134709,1.109144469,5.785898317
2017/10/9,5.568994468,-1.157050191,4.806925777,1.316269962,5.568994468
2017/10/16,5.644368663,-1.084816474,4.756788199,1.258705681,5.644368663
2017/10/23,5.642648488,-1.030248655,4.700539312,1.104291967,5.642648488
2017/10/30,5.658304327,-0.997971124,4.719372725,1.251811973,5.658304327
2017/11/6,5.669889363,-0.991794347,4.751340702,1.068715812,5.669889363
2017/11/13,5.672555936,-1.006791664,4.833918081,1.029963223,5.672555936
2017/11/20,5.671831655,-1.033675747,4.789496101,1.2155998,5.671831655
2017/11/27,5.639826023,-1.062256048,4.755684334,1.068715812,5.639826023
2017/12/4,5.653697687,-1.079996189,4.762108131,1.159223334,5.653697687
2017/12/11,5.683331669,-1.082498592,4.78970055,1.176091259,5.683331669
2017/12/18,5.659358957,-1.078047662,4.785173176,1.200224939,5.659358957
2017/12/25,5.677272892,-1.07603044,4.79019365,1.089400411,5.677272892
2018/1/1,5.581478605,-1.085797395,4.80545328,0.987410873,5.581478605
2018/1/8,5.627828584,-1.115348277,4.830851603,1.272173256,5.627828584
2018/1/15,5.680473305,-1.164104217,4.837000986,0.93305321,5.680473305
2018/1/22,5.685562611,-1.229504514,4.89580915,1.063386979,5.685562611
2018/1/29,5.661154595,-1.30770667,4.90795389,1.288440868,5.661154595
2018/2/5,5.739518549,-1.390716591,4.855743211,1.079181246,5.739518549
2018/2/12,5.785529138,-1.466695867,4.858621402,0.954242509,5.785529138
2018/2/19,5.820432015,-1.519701099,4.892673276,1.006160309,5.820432015
2018/2/26,5.572530071,-1.530789076,4.811186111,0.974445896,5.572530071
2018/3/5,5.586263151,-1.490206554,4.799285397,1.132625565,5.586263151
2018/3/12,5.62810578,-1.418113006,4.848743182,0.918329954,5.62810578
2018/3/19,5.653462402,-1.343805008,4.781360382,1.052529051,5.653462402
2018/3/26,5.607179346,-1.283819217,4.705897907,0.88729572,5.607179346
2018/4/2,5.630886337,-1.247028563,4.803620969,1.057991947,5.630886337
2018/4/9,5.637573778,-1.234138112,4.805874503,0.954242509,5.637573778
2018/4/16,5.714936342,-1.230895516,4.839113363,0.987410873,5.714936342
2018/4/23,5.702758718,-1.222240559,4.80643776,0.918329954,5.702758718
2018/4/30,5.698848385,-1.194575405,4.742450174,1.02413368,5.698848385
2018/5/7,5.605517292,-1.141866553,4.760791778,1.094421213,5.605517292
2018/5/14,5.643804904,-1.079358419,4.694139948,0.980976763,5.643804904
2018/5/21,5.627915547,-1.02275067,4.687921165,0.93305321,5.627915547
2018/5/28,5.612918361,-0.981175371,4.665627889,0.961081934,5.612918361
2018/6/4,5.588183158,-0.960776009,4.790327395,1.073980052,5.588183158
2018/6/11,5.621201217,-0.962422195,4.744347756,1.035715552,5.621201217
2018/6/18,5.600132883,-0.982558286,4.660799096,0.987410873,5.600132883
2018/6/25,5.619704671,-1.0193097,4.667238087,0.947293649,5.619704671
2018/7/2,5.633744095,-1.072025197,4.699959069,1.01822482,5.633744095
2018/7/9,5.682679264,-1.139803279,4.706103021,1.146128036,5.682679264
2018/7/16,5.716441593,-1.218085258,4.780576515,1.104291967,5.716441593
2018/7/23,5.725743433,-1.296554238,4.780144424,0.961081934,5.725743433
2018/7/30,5.741153963,-1.355301129,4.791178174,0.817659792,5.741153963
2018/8/6,5.765021473,-1.368556119,4.868109321,1.104291967,5.765021473
2018/8/13,5.773648238,-1.337960689,4.889116738,0.961081934,5.773648238
2018/8/20,5.776637996,-1.286422833,4.81845684,0.853871964,5.776637996
2018/8/27,5.676451251,-1.23390225,4.840720701,1.006160309,5.676451251
2018/9/3,5.646795689,-1.193335549,4.797253688,0.895264649,5.646795689
2018/9/10,5.571366384,-1.16967069,4.936237194,1.248323645,5.571366384
2018/9/17,5.639870809,-1.161205451,4.792279599,0.947293649,5.639870809
2018/9/24,5.637495734,-1.167210266,4.774582652,0.993751051,5.637495734
2018/10/1,5.863211,-1.188459739,4.770601668,1.063386979,5.863211
2018/10/8,5.647226439,-1.225568537,4.739493231,1.068715812,5.647226439
2018/10/15,5.666787459,-1.272153754,4.757115013,1.109144469,5.666787459
2018/10/22,5.679981768,-1.31674773,4.751710104,0.974445896,5.679981768
2018/10/29,5.693173618,-1.342710992,4.741742342,1.223087822,5.693173618
2018/11/5,5.701085936,-1.332552035,4.754302457,1.02413368,5.701085936
2018/11/12,5.731807872,-1.29381889,4.785507788,1.052529051,5.731807872
2018/11/19,5.762505261,-1.250955962,4.807189891,1.099384632,5.762505261
2018/11/26,5.728413037,-1.222278559,4.787722531,1.052529051,5.728413037
2018/12/3,5.722647905,-1.222093254,4.845222106,1.079181246,5.722647905
2018/12/10,5.740350055,-1.256904981,4.821480775,1.188325715,5.740350055
2018/12/17,5.742941047,-1.31945178,4.809539514,1.035715552,5.742941047
2018/12/24,5.716912739,-1.400026979,4.871386102,1.223087822,5.716912739
2018/12/31,5.740412433,-1.479982729,4.835005304,1.109144469,5.740412433
2019/1/7,5.736649833,-1.527828194,4.803655098,0.836143197,5.736649833
2019/1/14,5.749230632,-1.531019549,4.810380395,1.041392685,5.749230632
2019/1/21,5.774533753,-1.498022649,4.793392215,1.029963223,5.774533753
2019/1/28,5.826098137,-1.444477819,4.835417863,0.974445896,5.826098137
2019/2/4,5.951225287,-1.384384052,4.926522508,1.012234456,5.951225287
2019/2/11,5.831243786,-1.321739652,4.902416308,1.012234456,5.831243786
2019/2/18,5.647579532,-1.253698374,4.884381823,1.046996563,5.647579532
2019/2/25,5.685378929,-1.179281565,4.845866681,0.954242509,5.685378929
2019/3/4,5.680037117,-1.099395418,4.872634025,1.089400411,5.680037117
2019/3/11,5.743697866,-1.02257801,4.822795522,1.029963223,5.743697866
2019/3/18,5.755041277,-0.960208744,4.82230541,0.980976763,5.755041277
2019/3/25,5.736920527,-0.918429434,4.776330641,0.993751051,5.736920527
2019/4/1,5.73285435,-0.902152999,4.767178137,1.012234456,5.73285435
2019/4/8,5.717092723,-0.914959243,4.802575341,1.063386979,5.717092723
2019/4/15,5.746939188,-0.949790719,4.847264102,1.01822482,5.746939188
2019/4/22,5.746935299,-0.99681,4.779083981,1.01822482,5.746935299
2019/4/29,5.859611979,-1.04256785,4.820116038,1.068715812,5.859611979
2019/5/6,5.699337262,-1.069159098,4.696260257,0.974445896,5.699337262
2019/5/13,5.727646971,-1.073475373,4.673969601,0.993751051,5.727646971
2019/5/20,5.714565288,-1.065197316,4.688250699,1.012234456,5.714565288
2019/5/27,5.664657016,-1.055230596,4.699126322,1.01822482,5.664657016
2019/6/3,5.715469334,-1.053807284,4.662115356,1,5.715469334
2019/6/10,5.669083396,-1.065427493,4.678518379,1.006160309,5.669083396
2019/6/17,5.700923404,-1.085089409,4.645677662,1.01822482,5.700923404
2019/6/24,5.66323435,-1.106340157,4.64852589,0.903089987,5.66323435
2019/7/1,5.712730493,-1.121512949,4.651404019,1.109144469,5.712730493
2019/7/8,5.753436738,-1.123561372,4.668963349,1.052529051,5.753436738
2019/7/15,5.78805943,-1.112054189,4.688642252,0.84509804,5.78805943
2019/7/22,5.813414177,-1.089184009,4.717395862,0.895264649,5.813414177
2019/7/29,5.770572206,-1.057733115,4.873233385,1.211806811,5.770572206
2019/8/5,5.813018243,-1.020709998,4.720060025,0.918329954,5.813018243
2019/8/12,5.781984306,-0.98386998,4.708777708,0.88729572,5.781984306
2019/8/19,5.777019889,-0.953828734,4.707323154,0.84509804,5.777019889
2019/8/26,5.691423663,-0.935667817,4.672910245,1.041392685,5.691423663
2019/9/2,5.640063837,-0.934205607,4.623611052,1.089400411,5.640063837
2019/9/9,5.641009822,-0.952485246,4.572011452,0.826999818,5.641009822
2019/9/16,5.671625421,-0.987291721,4.572453363,1.006160309,5.671625421
2019/9/23,5.639147687,-1.034650993,4.557904021,0.918329954,5.639147687
2019/9/30,5.913671359,-1.089388245,4.636959046,0.903089987,5.913671359
2019/10/7,5.611404638,-1.143953935,4.562923026,0.987410873,5.611404638
2019/10/14,5.68713551,-1.191751394,4.560086048,1.057991947,5.68713551
2019/10/21,5.674969471,-1.225851589,4.562697224,1,5.674969471
2019/10/28,5.656421166,-1.238714167,4.556230112,1.084320886,5.656421166
2019/11/4,5.674897866,-1.225012485,4.558720567,1.15490196,5.674897866
2019/11/11,5.680077036,-1.191086646,4.610532411,1,5.680077036
2019/11/18,5.688488343,-1.152660146,4.646834866,1.01822482,5.688488343
2019/11/25,5.648989038,-1.122098747,4.688722299,1.104291967,5.648989038
2019/12/2,5.641059449,-1.108754125,4.75492141,1.29791676,5.641059449
2019/12/9,5.668636542,-1.118301053,4.783875006,0.910776816,5.668636542
2019/12/16,5.648778489,-1.149340338,5.001751015,0.93305321,5.648778489
2019/12/23,5.718658604,-1.201607882,4.850719734,0.993751051,5.718658604
2019/12/30,5.739803274,-1.277285732,4.780936263,0.980976763,5.739803274
2020/1/6,5.744093397,-1.381462483,4.781819976,0.974445896,5.744093397
2020/1/13,5.80352403,-1.520483166,4.818859053,1.029963223,5.80352403
2020/1/20,5.675130081,-1.700630093,4.667938344,0.987410873,5.675130081
2020/1/27,4.896349818,-1.917988866,4.402828605,1.192328458,4.896349818
2020/2/3,4.292986667,-2.103613407,4.355987592,1.052529051,4.292986667
2020/2/10,3.961848059,-2.119172579,4.881470252,0.980976763,3.961848059
2020/2/17,4.222326211,-2.007835931,4.763562754,1.046996563,4.222326211
2020/2/24,4.236814275,-1.88802676,4.750870798,0.88729572,4.236814275
2020/3/2,4.434712581,-1.813550882,4.700660459,1.046996563,4.434712581
2020/3/9,4.476672252,-1.795514495,4.674796864,1.084320886,4.476672252
2020/3/16,4.267640982,-1.81787604,4.740520586,0.903089987,4.267640982
2020/3/23,3.990250033,-1.869992686,4.789615962,0.954242509,3.990250033
2020/3/30,3.261024834,-1.943386109,4.774261423,1.01822482,3.261024834
2020/4/6,3.2929203,-2.025928674,4.780957838,1,3.2929203
2020/4/13,3.454997217,-2.11200432,4.812853219,0.870905304,3.454997217
2020/4/20,3.441066407,-2.203082599,4.767719712,1,3.441066407
2020/4/27,3.419790586,-2.302201215,4.598243192,0.903089987,3.419790586
2020/5/4,3.466571072,-2.414417121,4.552729037,1.035715552,3.466571072
2020/5/11,3.515608949,-2.510396269,4.543347759,0.895264649,3.515608949
2020/5/18,3.561459171,-2.488230773,4.533759352,0.903089987,3.561459171
2020/5/25,3.594613509,-2.309021123,4.572650915,0.870905304,3.594613509
2020/6/1,3.648847708,-2.063520992,4.515264345,1.012234456,3.648847708
2020/6/8,3.66029616,-1.836048755,4.516773278,1.01822482,3.66029616
2020/6/15,3.710963119,-1.673885706,4.491165517,1.02413368,3.710963119
2020/6/22,3.702516697,-1.577421371,4.46167857,1.035715552,3.702516697
2020/6/29,3.748110467,-1.546546255,4.476483822,0.980976763,3.748110467
2020/7/6,3.757775491,-1.596345368,4.47364752,1.052529051,3.757775491
2020/7/13,4.128011333,-1.737937528,4.460461827,1.006160309,4.128011333
2020/7/20,4.367505009,-2.004683493,4.443935427,0.895264649,4.367505009
2020/7/27,4.435079538,-2.552400454,4.439711549,1.099384632,4.435079538
2020/8/3,4.532690695,0,4.438099127,0.836143197,4.532690695
2020/8/10,4.600133974,-2.818362751,4.478941472,0.925753972,4.600133974
2020/8/17,4.677533956,-2.162345539,4.492969805,1.012234456,4.677533956
2020/8/24,4.784132095,-1.857051411,4.483501713,0.853871964,4.784132095
2020/8/31,4.880624976,-1.683162163,4.51263104,0.826999818,4.880624976
2020/9/7,4.953484245,-1.588791756,4.535812938,0.826999818,4.953484245
2020/9/14,5.012005788,-1.544367831,4.548217386,1.046996563,5.012005788
2020/9/21,5.014982309,-1.536501249,4.573892271,1.041392685,5.014982309
2020/9/28,5.089753258,-1.56310816,4.537995295,1.006160309,5.089753258
2020/10/5,5.033443861,-1.63033679,4.550411819,1.184285738,5.033443861
2020/10/12,5.067840516,-1.739479588,4.582915199,1.275475891,5.067840516
2020/10/19,5.099580514,-1.874520784,4.516151809,1.258705681,5.099580514
2020/10/26,5.120228332,-1.980516356,4.522418149,1.052529051,5.120228332
2020/11/2,5.12303453,-1.951375505,4.526119489,1.094421213,5.12303453
2020/11/9,5.115081049,-1.795102946,4.536166896,1.123384909,5.115081049
2020/11/16,5.166065829,-1.647708903,4.578616291,0.947293649,5.166065829
2020/11/23,5.166219873,-1.558357171,4.573764819,1.094421213,5.166219873
2020/11/30,5.118912542,-1.545416755,4.578845422,1.141673694,5.118912542
2020/12/7,5.117271296,-1.628391713,4.608878888,0.974445896,5.117271296
2020/12/14,5.113615838,-1.689098382,4.644064206,1.118689787,5.113615838
2020/12/21,5.165947296,-1.5165738,4.626319833,0.993751051,5.165947296
2020/12/28,5.132826209,-1.189518553,4.576893946,1.159223334,5.132826209
2021/1/4,5.041207083,-0.873644003,4.583708742,1.146128036,5.041207083
2021/1/11,5.064727468,-0.631787009,4.555940438,1.041392685,5.064727468
2021/1/18,5.066482467,-0.467053621,4.517024258,0.903089987,5.066482467
2021/1/25,5.016180617,-0.363313077,4.466096174,0.967815317,5.016180617
2021/2/1,5.027610514,-0.313398473,4.452430494,0.93305321,5.027610514
2021/2/8,4.908806599,-0.31572994,4.385141348,1.041392685,4.908806599
2021/2/15,4.922554197,-0.356977261,4.440389506,0.925753972,4.922554197
2021/2/22,5.038850559,-0.424452348,4.519814873,0.961081934,5.038850559
2021/3/1,5.123828783,-0.501228136,4.581130106,0.967815317,5.123828783
2021/3/8,5.200645336,-0.561783442,4.562292864,1.029963223,5.200645336
2021/3/15,5.209439945,-0.594222499,4.580845177,0.895264649,5.209439945
2021/3/22,5.239489676,-0.596195984,4.581357914,1,5.239489676
2021/3/29,5.150559965,-0.571670258,4.557615461,0.980976763,5.150559965
2021/4/5,5.163790288,-0.528972431,4.594569326,1.035715552,5.163790288
2021/4/12,5.265888078,-0.480872697,4.637299559,1.012234456,5.265888078
2021/4/19,5.253781283,-0.439581012,4.607798034,1.029963223,5.253781283
2021/4/26,5.337974119,-0.413416369,4.60054819,0.967815317,5.337974119
2021/5/3,5.204095553,-0.409398276,4.584692986,0.967815317,5.204095553
2021/5/10,5.281317498,-0.424431783,4.641662462,1.073980052,5.281317498
2021/5/17,5.267364184,-0.435022824,4.625631365,1.046996563,5.267364184
2021/5/24,5.215330832,-0.414155968,4.627673032,0.961081934,5.215330832
2021/5/31,5.097541886,-0.343408267,4.630142998,0.918329954,5.097541886
2021/6/7,5.046147746,-0.231249489,4.524409105,1.052529051,5.046147746
2021/6/14,4.990147865,-0.122187453,4.502003545,1.063386979,4.990147865
2021/6/21,5.034042586,-0.042382788,4.545232872,0.903089987,5.034042586
2021/6/28,5.048744694,-0.00237678,4.534749328,1.073980052,5.048744694
2021/7/5,5.145401536,-0.012708827,4.541441945,0.987410873,5.145401536
2021/7/12,5.244306815,-0.073398339,4.59645414,0.87917783,5.244306815
2021/7/19,5.274848014,-0.175979855,4.689708333,1.02413368,5.274848014
2021/7/26,5.239309492,-0.308229304,4.620562849,0.808114474,5.239309492
2021/8/2,4.621560535,-0.428398551,4.879898324,0.910776816,4.621560535
2021/8/9,4.789411474,-0.464106466,4.649617156,0.903089987,4.789411474
2021/8/16,5.017813533,-0.416352933,4.605929636,0.836143197,5.017813533
2021/8/23,5.05969592,-0.333529948,4.604323272,0.918329954,5.05969592
2021/8/30,5.097437794,-0.254605816,4.588954833,0.918329954,5.097437794
2021/9/6,5.221403804,-0.197878973,4.610628228,0.826999818,5.221403804
2021/9/13,5.276333105,-0.161324147,4.624715143,0.853871964,5.276333105
2021/9/20,5.108818626,-0.138208961,4.924134497,0.961081934,5.108818626
2021/9/27,3.966986025,-0.124201595,4.975183569,0.836143197,3.966986025
2021/10/4,3.648164779,-0.116158516,4.872785398,1.230448921,3.648164779
2021/10/11,3.732795698,-0.112470131,4.753521778,1.261262869,3.732795698
2021/10/18,5.063746062,-0.112943408,4.660011221,1.104291967,5.063746062
2021/10/25,5.231433907,-0.117580402,4.633862172,1.02413368,5.231433907
2021/11/1,5.213055326,-0.126504892,4.635252464,0.954242509,5.213055326
2021/11/8,5.201044629,-0.139843413,4.613683291,1.192328458,5.201044629
2021/11/15,5.248201395,-0.157314102,4.559439777,1.012234456,5.248201395
2021/11/22,5.277762737,-0.178543737,4.589312765,1.150537155,5.277762737
2021/11/29,5.218328024,-0.203147029,4.614454263,1.234083206,5.218328024
2021/12/6,5.205131253,-0.230599749,4.602222821,1.029963223,5.205131253
2021/12/13,5.230252167,-0.259420248,4.652410742,1.171935299,5.230252167
2021/12/20,5.241720761,-0.28718628,4.702068473,1.146128036,5.241720761
2021/12/27,5.294223659,-0.310816372,4.674052398,1.063386979,5.294223659
2022/1/3,5.29078229,-0.326669953,4.618821812,0.954242509,5.29078229
2022/1/10,5.22570462,-0.330969504,4.640173247,1.046996563,5.22570462
2022/1/17,5.037103645,-0.320574444,4.574482699,0.947293649,5.037103645
2022/1/24,5.03686833,-0.293863377,4.587666074,0.974445896,5.03686833
2022/1/31,5.025248502,-0.251249319,4.564121376,1.163502132,5.025248502
2022/2/7,5.177357551,-0.240181123,4.657419207,1.02413368,5.177357551
2022/2/14,5.210500441,-0.465846926,4.732361589,1.2155998,5.210500441
2022/2/21,5.252595775,-0.345611659,4.730604647,1.094421213,5.252595775
2022/2/28,5.003693128,-0.463698281,4.695210158,0.895264649,5.003693128
2022/3/7,5.094879725,-0.528760927,4.709634547,0.993751051,5.094879725
2022/3/14,5.018908444,-0.640734686,4.795984236,0.870905304,5.018908444
2022/3/21,4.989832327,-0.800120252,4.76855671,1.052529051,4.989832327
2022/3/28,5.048612691,-0.92233613,4.668581585,1.123384909,5.048612691
2022/4/4,5.028599717,-0.746244872,4.637319581,0.918329954,5.028599717
2022/4/11,5.05905575,-0.861638289,4.631118941,1.012234456,5.05905575
2022/4/18,5.086882805,-0.764728277,4.648808713,0.954242509,5.086882805
2022/4/25,5.217433932,-0.821104745,4.660865478,1.089400411,5.217433932
2022/5/2,5.118258111,-0.542124889,4.617545489,1.012234456,5.118258111
2022/5/9,4.99898256,-0.742640747,4.690125169,0.987410873,4.99898256
2022/5/16,5.107393149,-0.605318029,4.630549908,1.046996563,5.107393149
2022/5/23,5.092288942,-0.443409075,4.612275117,1.029963223,5.092288942
2022/5/30,5.115244285,-0.524396122,4.581335139,1.046996563,5.115244285
2022/6/6,5.089922765,-0.398914856,4.632993502,0.947293649,5.089922765
2022/6/13,5.049566869,-0.434491011,4.832751539,1.035715552,5.049566869
2022/6/20,3.312600439,-0.800120252,5.112346895,1.012234456,3.312600439
2022/6/27,3.309417226,-0.968093623,4.91826106,1.226783967,3.309417226
2022/7/4,3.222456337,-1.22336613,4.869507468,1.012234456,3.222456337
2022/7/11,3.167612673,-2.524396067,4.820556109,0.910776816,3.167612673
2022/7/18,3.138302698,-1.746244865,4.820700513,0.918329954,3.138302698
2022/7/25,3.249931757,0,4.803265875,0.84509804,3.249931757
2022/8/1,4.380609163,-1.825426121,4.748381865,0.918329954,4.380609163
2022/8/8,4.693498313,-1.348304866,4.708463393,1.063386979,4.693498313
2022/8/15,4.91527317,-0.825426118,4.653251116,0.925753972,4.91527317
2022/8/22,4.967772553,-0.533170046,4.817823093,1,4.967772553
2022/8/29,4.982872495,-0.587380014,4.622628426,0.954242509,4.982872495
2022/9/5,4.979120243,-0.667063625,4.594049842,0.954242509,4.979120243
2022/9/12,5.045714059,-0.558254389,4.606456608,0.88729572,5.045714059
2022/9/19,5.121887985,-0.492987658,4.619176841,1.029963223,5.121887985
2022/9/26,5.223812526,-0.577452851,5.075536013,1.163502132,5.223812526
2022/10/3,5.089311523,-0.336875401,4.597695186,1.052529051,5.089311523
2022/10/10,5.030219092,-0.721622398,4.859360493,1.180207825,5.030219092
2022/10/17,5.06196112,-0.515795951,5.230643033,1.241261791,5.06196112
2022/10/24,5.022527344,-0.68870555,4.695718022,1.163502132,5.022527344
2022/10/31,4.653309013,-0.718216148,4.975137584,1.230448921,4.653309013
2022/11/7,4.95069094,-0.742640747,4.678144926,0.925753972,4.95069094
2022/11/14,4.980925552,-0.661073263,4.706939566,1.006160309,4.980925552
2022/11/21,4.857187707,-0.607942174,4.722559889,1.073980052,4.857187707
2022/11/28,4.838924614,-0.63509442,5.28266742,1.167739185,4.838924614
2022/12/5,4.946957992,-0.544392751,4.748622104,1.211806811,4.946957992
2022/12/12,4.960608702,-0.530959892,4.727533124,1.336745548,4.960608702
2022/12/19,4.681304567,-0.704852187,4.656203647,1.137173193,4.681304567
2022/12/26,4.921728083,-0.757240257,4.644930708,1.176091259,4.921728083
2023/1/2,5.143807679,-0.682411318,4.709159677,1.141673694,5.143807679
2023/1/9,5.376116872,-0.438036291,4.776839149,1.041392685,5.376116872
2023/1/16,5.359683737,-0.420592401,4.685696964,1.141673694,5.359683737
2023/1/23,5.47142814,-0.441610752,4.734711842,1.244807071,5.47142814
2023/1/30,5.377934285,-0.355604102,4.776003429,1.029963223,5.377934285
2023/2/6,5.384512907,-0.390857213,5.227663075,0.980976763,5.384512907
2023/2/13,5.419841793,-0.403822191,4.718227573,1.094421213,5.419841793
2023/2/20,5.423163924,-0.309552274,4.699230503,1.188325715,5.423163924
2023/2/27,5.431220584,-0.283846874,4.670700325,1.029963223,5.431220584
2023/3/6,5.433292888,-0.300381311,4.661642341,0.940231795,5.433292888
2023/3/13,5.479778231,-0.29522642,4.716904404,1.006160309,5.479778231
2023/3/20,5.463116236,-0.373639682,4.803388825,1.109144469,5.463116236
2023/3/27,5.4074164,-0.259578299,4.772849582,1.035715552,5.4074164
2023/4/3,5.355215822,-0.162668286,4.73715287,1.137173193,5.355215822
2023/4/10,5.527415923,-0.228829022,4.72534799,0.954242509,5.527415923
2023/4/17,5.528195275,-0.174148104,4.779719115,1.057991947,5.528195275
2023/4/24,5.611435453,-0.211584296,4.716320597,1.046996563,5.611435453
2023/5/1,5.542395898,-0.265519493,4.663040975,1.073980052,5.542395898
2023/5/8,5.497499113,-0.325739035,4.726556065,1.128029814,5.497499113
2023/5/15,5.571076141,-0.372107778,4.66101717,1.012234456,5.571076141
2023/5/22,5.511439486,-0.382946349,4.625188937,1.068715812,5.511439486
2023/5/29,5.473635846,-0.329881781,4.637319581,0.961081934,5.473635846
2023/6/5,5.52706637,-0.304288034,4.649928443,1.012234456,5.52706637
2023/6/12,5.50370082,-0.129069729,4.675622554,0.93305321,5.50370082
2023/6/19,5.566430421,-0.080351326,4.639107811,1.073980052,5.566430421
2023/6/26,5.554559417,-0.235476516,4.630814195,0.910776816,5.554559417
2023/7/3,5.600701785,-0.304288034,4.649334859,1.035715552,5.600701785
2023/7/10,5.637247498,-0.200113667,4.692212192,1.012234456,5.637247498
2023/7/17,5.631592905,-0.200113667,4.722123656,1.084320886,5.631592905
2023/7/24,5.668996854,-0.264324734,4.729739687,0.967815317,5.668996854
2023/7/31,5.717378379,-0.198060261,4.676958677,0.947293649,5.717378379
2023/8/7,5.750094731,-0.177066107,4.708352904,0.895264649,5.750094731
2023/8/14,5.754718246,-0.15332826,4.682036715,0.918329954,5.754718246
2023/8/21,5.72568463,-0.217971094,4.631433622,0.910776816,5.72568463
2023/8/28,5.4356501,-0.214765955,4.70404751,1.244807071,5.4356501
2023/9/4,5.530875595,-0.336875401,4.688597775,1.012234456,5.530875595
2023/9/11,5.596999319,-0.242227344,4.646393923,0.961081934,5.596999319
2023/9/18,5.63000558,-0.210528902,4.56801388,0.93305321,5.63000558
2023/9/25,5.668034425,-0.192968826,4.553421799,1.057991947,5.668034425
2023/10/2,5.692572866,-0.141478987,4.6599162,1.184285738,5.692572866
2023/10/9,5.607075252,-0.148732508,4.604139618,1.207980403,5.607075252
2023/10/16,5.602133815,-0.196016519,4.590774981,1.188325715,5.602133815
2023/10/23,5.633087523,-0.200113667,4.53145337,1.02413368,5.633087523
2023/10/30,5.616218117,-0.258399751,4.51339075,0.961081934,5.616218117
2023/11/6,5.600746438,-0.329881781,4.582267956,1.180207825,5.600746438
2023/11/13,5.642915398,-0.283846874,4.604204446,1.196294645,5.642915398
2023/11/20,5.630987927,-0.224453222,4.58336883,1.012234456,5.630987927
2023/11/27,5.595562353,-0.259578299,4.584037071,1.079181246,5.595562353
2023/12/4,5.614078453,-0.252554516,4.630905641,0.974445896,5.614078453
2023/12/11,5.630242726,-0.179022391,4.733237401,1.109144469,5.630242726
2023/12/18,5.626337287,-0.173179777,4.75869999,1.258705681,5.626337287
2023/12/25,5.708652009,-0.157973165,4.697978682,0.918329954,5.708652009
2024/1/1,5.569139725,-0.27397612,4.654859705,1.041392685,5.569139725
2024/1/8,5.621321715,-0.221200065,4.689610718,0.987410873,5.621321715
2024/1/15,5.70482718,-0.174148104,4.815763645,1.02413368,5.70482718
2024/1/22,5.729538964,-0.159845127,4.882479,1.219359949,5.729538964
2024/1/29,5.767161805,-0.171249576,4.86550668,0.895264649,5.767161805
2024/2/5,5.779812863,-0.131699169,4.794920035,1.079181246,5.779812863
2024/2/12,5.95679396,-0.136117259,4.748893183,0.993751051,5.95679396
2024/2/19,5.603956966,-0.148732508,4.72893786,1.029963223,5.603956966
2024/2/26,5.533652605,-0.204249836,4.745597817,1.089400411,5.533652605
2024/3/4,5.561839296,-0.246786908,4.77574876,1.118689787,5.561839296
2024/3/11,5.623498421,-0.331271524,4.714354911,1.029963223,5.623498421
2024/3/18,5.638769711,-0.392456827,4.648750213,1.063386979,5.638769711
2024/3/25,5.605856455,-0.278883455,4.635624468,0.954242509,5.605856455
2024/4/1,5.622998982,-0.137897157,4.677597829,1.128029814,5.622998982
2024/4/8,5.627925776,-0.349754929,4.599981268,0.993751051,5.627925776
2024/4/15,5.620590941,-0.290131997,4.716095204,1.073980052,5.620590941
2024/4/22,5.556494272,-0.351209853,4.745394927,1.006160309,5.556494272
2024/4/29,5.779284004,-0.358558498,4.802493224,1.052529051,5.779284004
2024/5/6,5.539851112,-0.467491271,4.592565338,1.01822482,5.539851112
2024/5/13,5.619839134,-0.348304863,4.606359865,1.073980052,5.619839134
2024/5/20,5.568077287,-0.424025577,4.635453586,0.925753972,5.568077287
2024/5/27,5.542404617,-0.467491271,4.638668928,1.109144469,5.542404617
2024/6/3,5.596783967,-0.548964313,4.685741739,1.063386979,5.596783967
2024/6/10,5.544386824,-0.445214876,4.620833282,1.02413368,5.544386824
2024/6/17,5.59477805,-0.415492994,4.596904841,1.052529051,5.59477805
2024/6/24,5.604176355,-0.418885938,4.571266162,1.01822482,5.604176355
2024/7/1,5.629268889,-0.381381322,4.575718838,0.993751051,5.629268889
2024/7/8,5.670231933,-0.32027614,4.58768852,1.02413368,5.670231933
2024/7/15,5.733745206,-0.239965388,4.672365744,1.089400411,5.733745206
2024/7/22,5.733198068,-0.258399751,4.716020047,1,5.733198068
2024/7/29,5.772718406,-0.313542757,4.650113164,0.993751051,5.772718406
2024/8/5,5.816744922,-0.276422856,4.638978187,0.918329954,5.816744922
2024/8/12,5.775335878,-0.317570246,4.734423758,0.862472136,5.775335878
2024/8/19,5.822387134,-0.370581257,4.685266889,0.918329954,5.822387134
2024/8/26,5.711163321,-0.288867675,4.621550154,0.961081934,5.711163321
2024/9/2,5.526667459,-0.306912178,4.699273904,1.123384909,5.526667459
2024/9/9,5.620068354,-0.441610752,4.581335139,0.870905304,5.620068354
2024/9/16,5.650721217,-0.309552274,4.647236224,1.052529051,5.650721217
2024/9/23,5.614612512,-0.283846874,4.638758735,0.947293649,5.614612512
2024/9/30,5.920666898,-0.285096643,4.616107757,1.159223334,5.920666898
2024/10/7,5.546574741,-0.275197765,4.537882032,1.063386979,5.546574741
2024/10/14,5.660103372,-0.263133254,4.579634997,1.089400411,5.660103372
2024/10/21,5.678012774,-0.287607023,4.629175058,1.275475891,5.678012774
2024/10/28,5.625074656,-0.313542757,4.568471607,1.188325715,5.625074656
2024/11/4,5.648778489,-0.2939472,4.580970569,1.132625565,5.648778489
2024/11/11,5.662996628,-0.217971094,4.672125578,1.035715552,5.662996628
2024/11/18,5.664257332,-0.246786908,4.704202011,1.230448921,5.664257332
2024/11/25,5.666860414,-0.204249836,4.629552302,1.159223334,5.666860414
2024/12/2,5.653324451,-0.244501142,4.64279086,1.079181246,5.653324451
2024/12/9,5.658447381,-0.272757902,4.684576087,1.192328458,5.658447381
2024/12/16,5.641293613,-0.249084768,4.823767572,1.171935299,5.641293613
2024/12/23,5.683572019,-0.228829022,4.678673131,1.180207825,5.683572019
